metric_name,baseline_mean,baseline_std,tsvm_mean,tsvm_std,delta_tsvm_minus_baseline,percent_change,p_value_ttest,statistically_significant_005,Baseline Mean ± Std,TSVM Mean ± Std,Δ (TSVM - Baseline),% Thay đổi,p-value (paired t-test)
Mask mAP@50-95,0.7210289999999999,0.012854317432935393,0.7245790000000001,0.007755427418553049,0.003550000000000164,0.49235190262807244,0.3839172024055718,False,0.7210 ± 0.0129,0.7246 ± 0.0078,+0.0036,+0.49%,0.3839
Mask mAP@50,0.911863,0.010662283526524707,0.9062159999999999,0.008220198970287217,-0.005647000000000069,-0.6192816245422907,0.2273295311410982,False,0.9119 ± 0.0107,0.9062 ± 0.0082,-0.0056,-0.62%,0.2273
Mask Precision,0.9022780000000001,0.0338993837374336,0.9117689999999999,0.024596366240203494,0.009490999999999805,1.0518930972493847,0.5427604396784284,False,0.9023 ± 0.0339,0.9118 ± 0.0246,+0.0095,+1.05%,0.5428
Mask Recall,0.85836,0.02517057144100361,0.8624980000000001,0.01731844411795316,0.004138000000000086,0.48208211007037677,0.5906731925283901,False,0.8584 ± 0.0252,0.8625 ± 0.0173,+0.0041,+0.48%,0.5907
Box mAP@50-95,0.726191,0.01975202855967515,0.728522,0.014099877698445163,0.002330999999999972,0.3209899324007006,0.7151923016358676,False,0.7262 ± 0.0198,0.7285 ± 0.0141,+0.0023,+0.32%,0.7152
Box mAP@50,0.90105,0.011645383443904091,0.9006139999999998,0.009028745698539132,-0.000436000000000214,-0.04838799178738294,0.9333986181752305,False,0.9011 ± 0.0116,0.9006 ± 0.0090,-0.0004,-0.05%,0.9334
Box Precision,0.899239,0.03260266193971828,0.906244,0.02507231150979991,0.007005000000000039,0.7789920143588122,0.5921175981212305,False,0.8992 ± 0.0326,0.9062 ± 0.0251,+0.0070,+0.78%,0.5921
Box Recall,0.843439,0.03372546365713731,0.8567450000000001,0.015227826320405839,0.01330600000000004,1.5775888949882613,0.26735403177499345,False,0.8434 ± 0.0337,0.8567 ± 0.0152,+0.0133,+1.58%,0.2674
Val Seg Loss,1.3045449999999998,0.08666393242481749,1.242387,0.03866712759782742,-0.062157999999999936,-4.764726398859368,0.09077221396066194,False,1.3045 ± 0.0867,1.2424 ± 0.0387,-0.0622,-4.76%,0.0908
Val Box Loss,0.723946,0.04338843553042421,0.730508,0.03987114852176251,0.006562000000000068,0.9064211971611237,0.7007999165127855,False,0.7239 ± 0.0434,0.7305 ± 0.0399,+0.0066,+0.91%,0.7008
Val Cls Loss,0.5590759999999999,0.06354829470568035,0.614813,0.08835353882744784,0.05573700000000015,9.969485365138219,0.09433063005425536,False,0.5591 ± 0.0635,0.6148 ± 0.0884,+0.0557,+9.97%,0.0943
Val L1 Loss,0.016378999999999998,0.0012001708211750528,0.016212,0.0008862254541343055,-0.000166999999999997,-1.0195982660723917,0.6994797566040796,False,0.0164 ± 0.0012,0.0162 ± 0.0009,-0.0002,-1.02%,0.6995
Best Epoch,87.3,13.098345951556887,91.7,4.854551129266914,4.400000000000006,5.040091638029788,0.31493889015194687,False,87.3000 ± 13.0983,91.7000 ± 4.8546,+4.4000,+5.04%,0.3149
