model,seed,best_epoch,mask_mAP50_95,mask_mAP50,mask_precision,mask_recall,box_mAP50_95,box_mAP50,box_precision,box_recall,val_seg_loss
Baseline,0,89,0.73663,0.91363,0.95352,0.8189,0.75226,0.91164,0.95352,0.8189,1.34116
Baseline,1,98,0.71649,0.89517,0.85328,0.85039,0.73278,0.87766,0.90445,0.77165,1.27884
Baseline,2,100,0.71377,0.90723,0.91387,0.83547,0.72117,0.90177,0.91387,0.83547,1.32917
Baseline,3,61,0.69411,0.90518,0.87856,0.8545,0.69053,0.89265,0.87054,0.84721,1.28807
Baseline,4,99,0.72741,0.90617,0.93874,0.88189,0.74385,0.90309,0.93036,0.87402,1.43904
Baseline,5,94,0.73505,0.92635,0.93179,0.86049,0.74495,0.91891,0.92326,0.85262,1.20219
Baseline,6,81,0.71531,0.90795,0.88652,0.86115,0.70833,0.89443,0.86173,0.84252,1.2043
Baseline,7,71,0.71449,0.91537,0.89831,0.83468,0.70504,0.90127,0.88983,0.82681,1.24468
Baseline,8,96,0.73175,0.93188,0.91142,0.8912,0.73306,0.91157,0.8956,0.87813,1.45007
Baseline,9,84,0.72528,0.9097,0.85677,0.89493,0.72994,0.89751,0.84923,0.88706,1.26793
TSVM,0,88,0.72451,0.90402,0.93122,0.85286,0.71251,0.89728,0.92262,0.84499,1.2809
TSVM,1,98,0.72739,0.91154,0.94368,0.86614,0.74407,0.91084,0.94368,0.86614,1.26302
TSVM,2,83,0.72591,0.90035,0.922,0.83767,0.73151,0.90496,0.93067,0.84554,1.18379
TSVM,3,89,0.72126,0.91644,0.9188,0.89093,0.72284,0.90721,0.90272,0.87682,1.17774
TSVM,4,97,0.7197,0.90244,0.90178,0.86756,0.73128,0.89086,0.8936,0.85968,1.23637
TSVM,5,90,0.72845,0.90959,0.90131,0.88189,0.7398,0.9113,0.89557,0.87785,1.30203
TSVM,6,95,0.72537,0.90062,0.92226,0.85039,0.72572,0.89482,0.91361,0.83465,1.24725
TSVM,7,88,0.7065,0.89027,0.85949,0.84252,0.69919,0.88458,0.85949,0.84252,1.23712
TSVM,8,93,0.73385,0.91026,0.88831,0.87675,0.74239,0.8971,0.88033,0.86887,1.23709
TSVM,9,96,0.73285,0.91663,0.92884,0.85827,0.73591,0.90719,0.92015,0.85039,1.25856
P5_Attention_VMamba,0,99,0.7215,0.89962,0.9371,0.82119,0.72647,0.90801,0.94351,0.83465,1.30451
P5_Attention_VMamba,1,82,0.71043,0.88671,0.927,0.79998,0.70939,0.87832,0.91788,0.7921,1.31518
P5_Attention_VMamba,2,99,0.7152,0.88943,0.89261,0.82677,0.73194,0.88852,0.86968,0.85039,1.20872
P5_Attention_VMamba,3,89,0.70494,0.89091,0.85786,0.85539,0.70515,0.87949,0.85849,0.85986,1.17563
P5_Attention_VMamba,4,79,0.71485,0.89967,0.86343,0.84627,0.70762,0.89571,0.84985,0.84677,1.17829
P5_Attention_VMamba,5,93,0.72951,0.92186,0.87593,0.87402,0.73482,0.91482,0.8678,0.86614,1.31297
P5_Attention_VMamba,6,98,0.72591,0.90629,0.9258,0.81102,0.73125,0.90167,0.91682,0.80315,1.24283
P5_Attention_VMamba,7,95,0.71457,0.90524,0.92283,0.84741,0.72126,0.9078,0.9145,0.84225,1.34436
P5_Attention_VMamba,8,92,0.71777,0.8958,0.89735,0.826,0.71825,0.90219,0.90587,0.83354,1.30796
P5_Attention_VMamba,9,82,0.71018,0.89418,0.88273,0.82977,0.70214,0.89622,0.88273,0.82977,1.32951
ITSMamba,0,94,0.70281,0.89851,0.93597,0.80569,0.70127,0.892,0.93597,0.80569,1.40848
ITSMamba,1,85,0.72199,0.92747,0.92045,0.88976,0.72149,0.91063,0.90388,0.87402,1.19002
ITSMamba,2,94,0.72907,0.90688,0.94686,0.81102,0.73718,0.91078,0.9357,0.80315,1.26669
ITSMamba,3,87,0.72875,0.90628,0.89353,0.84252,0.72057,0.9012,0.89353,0.84252,1.26246
ITSMamba,4,94,0.7258,0.91645,0.94428,0.83465,0.72631,0.89733,0.91756,0.81102,1.19461
ITSMamba,5,90,0.72226,0.91116,0.87929,0.86033,0.72381,0.91187,0.90463,0.82158,1.26545
ITSMamba,6,84,0.71089,0.91194,0.94648,0.85827,0.71343,0.90261,0.92523,0.85827,1.20372
ITSMamba,7,98,0.72763,0.91059,0.9046,0.87402,0.72872,0.91194,0.9046,0.87402,1.20242
ITSMamba,8,82,0.70552,0.89432,0.88864,0.85827,0.69982,0.87811,0.88049,0.85039,1.2276
ITSMamba,9,97,0.72838,0.91585,0.94512,0.85039,0.72447,0.90625,0.93637,0.84252,1.19555
IAVM,0,96,0.72285,0.91906,0.88146,0.87825,0.7309,0.91724,0.88146,0.87825,1.29847
IAVM,1,96,0.70863,0.90474,0.90227,0.87402,0.70887,0.89202,0.88517,0.85827,1.25944
IAVM,2,85,0.73061,0.91804,0.94107,0.88024,0.73111,0.90363,0.92424,0.86449,1.16081
IAVM,3,90,0.6944,0.87677,0.92543,0.82677,0.69004,0.85796,0.90992,0.81102,1.28589
IAVM,4,79,0.71518,0.89644,0.9321,0.86468,0.70706,0.89434,0.92361,0.85681,1.22413
IAVM,5,92,0.73739,0.9241,0.91211,0.85827,0.74649,0.91778,0.90374,0.85039,1.17901
IAVM,6,95,0.71815,0.90746,0.89484,0.86614,0.73404,0.89945,0.8459,0.87402,1.27338
