phan,kiem_tra,ket_qua,chi_tiet
1. results.csv,Tồn tại đủ 20 tệp results.csv,PASS,thiếu 0
2. raw,mask_map50_95 (20/20 khớp tuyệt đối),PASS,sai lệch lớn nhất 0
2. raw,mask_map50 (20/20 khớp tuyệt đối),PASS,sai lệch lớn nhất 0
2. raw,mask_precision (20/20 khớp tuyệt đối),PASS,sai lệch lớn nhất 0
2. raw,mask_recall (20/20 khớp tuyệt đối),PASS,sai lệch lớn nhất 0
2. raw,box_map50_95 (20/20 khớp tuyệt đối),PASS,sai lệch lớn nhất 0
2. raw,box_map50 (20/20 khớp tuyệt đối),PASS,sai lệch lớn nhất 0
2. raw,box_precision (20/20 khớp tuyệt đối),PASS,sai lệch lớn nhất 0
2. raw,box_recall (20/20 khớp tuyệt đối),PASS,sai lệch lớn nhất 0
2. raw,val_seg_loss (20/20 khớp tuyệt đối),PASS,sai lệch lớn nhất 0
2. raw,val_box_loss (20/20 khớp tuyệt đối),PASS,sai lệch lớn nhất 0
2. raw,val_cls_loss (20/20 khớp tuyệt đối),PASS,sai lệch lớn nhất 0
2. raw,val_l1_loss (20/20 khớp tuyệt đối),PASS,sai lệch lớn nhất 0
2. raw,train_seg_loss (20/20 khớp tuyệt đối),PASS,sai lệch lớn nhất 0
2. raw,train_box_loss (20/20 khớp tuyệt đối),PASS,sai lệch lớn nhất 0
2. raw,train_cls_loss (20/20 khớp tuyệt đối),PASS,sai lệch lớn nhất 0
2. raw,best_epoch (20/20 khớp tuyệt đối),PASS,sai lệch lớn nhất 0
2. raw,total_epochs (20/20 khớp tuyệt đối),PASS,sai lệch lớn nhất 0
3. mean_std,Mask mAP@50-95.baseline_mean,PASS,sai lệch lớn nhất 0 tại chỉ số 0: 0.7210289999999999 vs 0.7210289999999999
3. mean_std,Mask mAP@50-95.baseline_std,PASS,sai lệch lớn nhất 9.37e-17 tại chỉ số 0: 0.012854317432935393 vs 0.0128543174329353
3. mean_std,Mask mAP@50-95.tsvm_mean,PASS,sai lệch lớn nhất 0 tại chỉ số 0: 0.7245790000000001 vs 0.7245790000000001
3. mean_std,Mask mAP@50-95.tsvm_std,PASS,sai lệch lớn nhất 4.86e-17 tại chỉ số 0: 0.007755427418553049 vs 0.007755427418553
3. mean_std,Mask mAP@50-95.delta,PASS,sai lệch lớn nhất 6.42e-17 tại chỉ số 0: 0.003550000000000164 vs 0.0035500000000001
3. mean_std,Mask mAP@50-95.percent_change,PASS,sai lệch lớn nhất 5.55e-17 tại chỉ số 0: 0.49235190262807244 vs 0.4923519026280724
3. mean_std,Mask mAP@50-95.p_value_ttest,PASS,sai lệch lớn nhất 0 tại chỉ số 0: 0.3839172024055718 vs 0.3839172024055718
3. mean_std,Mask mAP@50-95.cờ ý nghĩa α=0.05,PASS,
3. mean_std,Mask mAP@50.baseline_mean,PASS,sai lệch lớn nhất 0 tại chỉ số 0: 0.911863 vs 0.911863
3. mean_std,Mask mAP@50.baseline_std,PASS,sai lệch lớn nhất 6.94e-18 tại chỉ số 0: 0.010662283526524707 vs 0.0106622835265247
3. mean_std,Mask mAP@50.tsvm_mean,PASS,sai lệch lớn nhất 1.11e-16 tại chỉ số 0: 0.9062159999999999 vs 0.906216
3. mean_std,Mask mAP@50.tsvm_std,PASS,sai lệch lớn nhất 1.73e-17 tại chỉ số 0: 0.008220198970287217 vs 0.0082201989702872
3. mean_std,Mask mAP@50.delta,PASS,sai lệch lớn nhất 6.85e-17 tại chỉ số 0: -0.005647000000000069 vs -0.005647
3. mean_std,Mask mAP@50.percent_change,PASS,sai lệch lớn nhất 0 tại chỉ số 0: -0.6192816245422907 vs -0.6192816245422907
3. mean_std,Mask mAP@50.p_value_ttest,PASS,sai lệch lớn nhất 0 tại chỉ số 0: 0.2273295311410982 vs 0.2273295311410982
3. mean_std,Mask mAP@50.cờ ý nghĩa α=0.05,PASS,
3. mean_std,Mask Precision.baseline_mean,PASS,sai lệch lớn nhất 1.11e-16 tại chỉ số 0: 0.9022780000000001 vs 0.902278
3. mean_std,Mask Precision.baseline_std,PASS,sai lệch lớn nhất 0 tại chỉ số 0: 0.0338993837374336 vs 0.0338993837374336
3. mean_std,Mask Precision.tsvm_mean,PASS,sai lệch lớn nhất 1.11e-16 tại chỉ số 0: 0.9117689999999999 vs 0.911769
3. mean_std,Mask Precision.tsvm_std,PASS,sai lệch lớn nhất 9.37e-17 tại chỉ số 0: 0.024596366240203494 vs 0.0245963662402034
3. mean_std,Mask Precision.delta,PASS,sai lệch lớn nhất 5.2e-18 tại chỉ số 0: 0.009490999999999805 vs 0.0094909999999998
3. mean_std,Mask Precision.percent_change,PASS,sai lệch lớn nhất 0 tại chỉ số 0: 1.0518930972493847 vs 1.0518930972493847
3. mean_std,Mask Precision.p_value_ttest,PASS,sai lệch lớn nhất 0 tại chỉ số 0: 0.5427604396784284 vs 0.5427604396784284
3. mean_std,Mask Precision.cờ ý nghĩa α=0.05,PASS,
3. mean_std,Mask Recall.baseline_mean,PASS,sai lệch lớn nhất 0 tại chỉ số 0: 0.85836 vs 0.85836
3. mean_std,Mask Recall.baseline_std,PASS,sai lệch lớn nhất 1.04e-17 tại chỉ số 0: 0.02517057144100361 vs 0.0251705714410036
3. mean_std,Mask Recall.tsvm_mean,PASS,sai lệch lớn nhất 0 tại chỉ số 0: 0.8624980000000001 vs 0.8624980000000001
3. mean_std,Mask Recall.tsvm_std,PASS,sai lệch lớn nhất 5.9e-17 tại chỉ số 0: 0.01731844411795316 vs 0.0173184441179531
3. mean_std,Mask Recall.delta,PASS,sai lệch lớn nhất 8.59e-17 tại chỉ số 0: 0.004138000000000086 vs 0.004138
3. mean_std,Mask Recall.percent_change,PASS,sai lệch lớn nhất 5.55e-17 tại chỉ số 0: 0.48208211007037677 vs 0.4820821100703767
3. mean_std,Mask Recall.p_value_ttest,PASS,sai lệch lớn nhất 0 tại chỉ số 0: 0.5906731925283901 vs 0.5906731925283901
3. mean_std,Mask Recall.cờ ý nghĩa α=0.05,PASS,
3. mean_std,Box mAP@50-95.baseline_mean,PASS,sai lệch lớn nhất 0 tại chỉ số 0: 0.726191 vs 0.726191
3. mean_std,Box mAP@50-95.baseline_std,PASS,sai lệch lớn nhất 5.2e-17 tại chỉ số 0: 0.01975202855967515 vs 0.0197520285596751
3. mean_std,Box mAP@50-95.tsvm_mean,PASS,sai lệch lớn nhất 0 tại chỉ số 0: 0.728522 vs 0.728522
3. mean_std,Box mAP@50-95.tsvm_std,PASS,sai lệch lớn nhất 6.25e-17 tại chỉ số 0: 0.014099877698445163 vs 0.0140998776984451
3. mean_std,Box mAP@50-95.delta,PASS,sai lệch lớn nhất 7.2e-17 tại chỉ số 0: 0.002330999999999972 vs 0.0023309999999999
3. mean_std,Box mAP@50-95.percent_change,PASS,sai lệch lớn nhất 0 tại chỉ số 0: 0.3209899324007006 vs 0.3209899324007006
3. mean_std,Box mAP@50-95.p_value_ttest,PASS,sai lệch lớn nhất 0 tại chỉ số 0: 0.7151923016358676 vs 0.7151923016358676
3. mean_std,Box mAP@50-95.cờ ý nghĩa α=0.05,PASS,
3. mean_std,Box mAP@50.baseline_mean,PASS,sai lệch lớn nhất 0 tại chỉ số 0: 0.90105 vs 0.90105
3. mean_std,Box mAP@50.baseline_std,PASS,sai lệch lớn nhất 9.02e-17 tại chỉ số 0: 0.011645383443904091 vs 0.011645383443904
3. mean_std,Box mAP@50.tsvm_mean,PASS,sai lệch lớn nhất 0 tại chỉ số 0: 0.9006139999999998 vs 0.9006139999999998
3. mean_std,Box mAP@50.tsvm_std,PASS,sai lệch lớn nhất 3.3e-17 tại chỉ số 0: 0.009028745698539132 vs 0.0090287456985391
3. mean_std,Box mAP@50.delta,PASS,sai lệch lớn nhất 1.4e-17 tại chỉ số 0: -0.000436000000000214 vs -0.0004360000000002
3. mean_std,Box mAP@50.percent_change,PASS,sai lệch lớn nhất 4.16e-17 tại chỉ số 0: -0.04838799178738294 vs -0.0483879917873829
3. mean_std,Box mAP@50.p_value_ttest,PASS,sai lệch lớn nhất 1.11e-16 tại chỉ số 0: 0.9333986181752305 vs 0.9333986181752304
3. mean_std,Box mAP@50.cờ ý nghĩa α=0.05,PASS,
3. mean_std,Box Precision.baseline_mean,PASS,sai lệch lớn nhất 0 tại chỉ số 0: 0.899239 vs 0.899239
3. mean_std,Box Precision.baseline_std,PASS,sai lệch lớn nhất 8.33e-17 tại chỉ số 0: 0.03260266193971828 vs 0.0326026619397182
3. mean_std,Box Precision.tsvm_mean,PASS,sai lệch lớn nhất 0 tại chỉ số 0: 0.906244 vs 0.906244
3. mean_std,Box Precision.tsvm_std,PASS,sai lệch lớn nhất 1.04e-17 tại chỉ số 0: 0.02507231150979991 vs 0.0250723115097999
3. mean_std,Box Precision.delta,PASS,sai lệch lớn nhất 3.9e-17 tại chỉ số 0: 0.007005000000000039 vs 0.007005
3. mean_std,Box Precision.percent_change,PASS,sai lệch lớn nhất 0 tại chỉ số 0: 0.7789920143588122 vs 0.7789920143588122
3. mean_std,Box Precision.p_value_ttest,PASS,sai lệch lớn nhất 0 tại chỉ số 0: 0.5921175981212305 vs 0.5921175981212305
3. mean_std,Box Precision.cờ ý nghĩa α=0.05,PASS,
3. mean_std,Box Recall.baseline_mean,PASS,sai lệch lớn nhất 0 tại chỉ số 0: 0.843439 vs 0.843439
3. mean_std,Box Recall.baseline_std,PASS,sai lệch lớn nhất 6.94e-18 tại chỉ số 0: 0.03372546365713731 vs 0.0337254636571373
3. mean_std,Box Recall.tsvm_mean,PASS,sai lệch lớn nhất 0 tại chỉ số 0: 0.8567450000000001 vs 0.8567450000000001
3. mean_std,Box Recall.tsvm_std,PASS,sai lệch lớn nhất 3.82e-17 tại chỉ số 0: 0.015227826320405839 vs 0.0152278263204058
3. mean_std,Box Recall.delta,PASS,sai lệch lớn nhất 3.99e-17 tại chỉ số 0: 0.01330600000000004 vs 0.013306
3. mean_std,Box Recall.percent_change,PASS,sai lệch lớn nhất 0 tại chỉ số 0: 1.5775888949882613 vs 1.5775888949882613
3. mean_std,Box Recall.p_value_ttest,PASS,sai lệch lớn nhất 5.55e-17 tại chỉ số 0: 0.26735403177499345 vs 0.2673540317749934
3. mean_std,Box Recall.cờ ý nghĩa α=0.05,PASS,
3. mean_std,Val Seg Loss.baseline_mean,PASS,sai lệch lớn nhất 0 tại chỉ số 0: 1.3045449999999998 vs 1.3045449999999998
3. mean_std,Val Seg Loss.baseline_std,PASS,sai lệch lớn nhất 8.33e-17 tại chỉ số 0: 0.08666393242481749 vs 0.0866639324248174
3. mean_std,Val Seg Loss.tsvm_mean,PASS,sai lệch lớn nhất 0 tại chỉ số 0: 1.242387 vs 1.242387
3. mean_std,Val Seg Loss.tsvm_std,PASS,sai lệch lớn nhất 2.08e-17 tại chỉ số 0: 0.03866712759782742 vs 0.0386671275978274
3. mean_std,Val Seg Loss.delta,PASS,sai lệch lớn nhất 3.47e-17 tại chỉ số 0: -0.062157999999999936 vs -0.0621579999999999
3. mean_std,Val Seg Loss.percent_change,PASS,sai lệch lớn nhất 0 tại chỉ số 0: -4.764726398859368 vs -4.764726398859368
3. mean_std,Val Seg Loss.p_value_ttest,PASS,sai lệch lớn nhất 4.16e-17 tại chỉ số 0: 0.09077221396066194 vs 0.0907722139606619
3. mean_std,Val Seg Loss.cờ ý nghĩa α=0.05,PASS,
3. mean_std,Val Box Loss.baseline_mean,PASS,sai lệch lớn nhất 0 tại chỉ số 0: 0.723946 vs 0.723946
3. mean_std,Val Box Loss.baseline_std,PASS,sai lệch lớn nhất 6.94e-18 tại chỉ số 0: 0.04338843553042421 vs 0.0433884355304242
3. mean_std,Val Box Loss.tsvm_mean,PASS,sai lệch lớn nhất 0 tại chỉ số 0: 0.730508 vs 0.730508
3. mean_std,Val Box Loss.tsvm_std,PASS,sai lệch lớn nhất 6.94e-18 tại chỉ số 0: 0.03987114852176251 vs 0.0398711485217625
3. mean_std,Val Box Loss.delta,PASS,sai lệch lớn nhất 6.77e-17 tại chỉ số 0: 0.006562000000000068 vs 0.006562
3. mean_std,Val Box Loss.percent_change,PASS,sai lệch lớn nhất 1.11e-16 tại chỉ số 0: 0.9064211971611237 vs 0.9064211971611236
3. mean_std,Val Box Loss.p_value_ttest,PASS,sai lệch lớn nhất 0 tại chỉ số 0: 0.7007999165127855 vs 0.7007999165127855
3. mean_std,Val Box Loss.cờ ý nghĩa α=0.05,PASS,
3. mean_std,Val Cls Loss.baseline_mean,PASS,sai lệch lớn nhất 0 tại chỉ số 0: 0.5590759999999999 vs 0.5590759999999999
3. mean_std,Val Cls Loss.baseline_std,PASS,sai lệch lớn nhất 5.55e-17 tại chỉ số 0: 0.06354829470568035 vs 0.0635482947056803
3. mean_std,Val Cls Loss.tsvm_mean,PASS,sai lệch lớn nhất 0 tại chỉ số 0: 0.614813 vs 0.614813
3. mean_std,Val Cls Loss.tsvm_std,PASS,sai lệch lớn nhất 4.16e-17 tại chỉ số 0: 0.08835353882744784 vs 0.0883535388274478
3. mean_std,Val Cls Loss.delta,PASS,sai lệch lớn nhất 4.86e-17 tại chỉ số 0: 0.05573700000000015 vs 0.0557370000000001
3. mean_std,Val Cls Loss.percent_change,PASS,sai lệch lớn nhất 1.78e-15 tại chỉ số 0: 9.969485365138219 vs 9.96948536513822
3. mean_std,Val Cls Loss.p_value_ttest,PASS,sai lệch lớn nhất 6.94e-17 tại chỉ số 0: 0.09433063005425536 vs 0.0943306300542553
3. mean_std,Val Cls Loss.cờ ý nghĩa α=0.05,PASS,
3. mean_std,Val L1 Loss.baseline_mean,PASS,sai lệch lớn nhất 9.71e-17 tại chỉ số 0: 0.016378999999999998 vs 0.0163789999999999
3. mean_std,Val L1 Loss.baseline_std,PASS,sai lệch lớn nhất 5.29e-17 tại chỉ số 0: 0.0012001708211750528 vs 0.001200170821175
3. mean_std,Val L1 Loss.tsvm_mean,PASS,sai lệch lớn nhất 0 tại chỉ số 0: 0.016212 vs 0.016212
3. mean_std,Val L1 Loss.tsvm_std,PASS,sai lệch lớn nhất 5.53e-18 tại chỉ số 0: 0.0008862254541343055 vs 0.0008862254541343
3. mean_std,Val L1 Loss.delta,PASS,sai lệch lớn nhất 9.7e-17 tại chỉ số 0: -0.000166999999999997 vs -0.0001669999999999
3. mean_std,Val L1 Loss.percent_change,PASS,sai lệch lớn nhất 0 tại chỉ số 0: -1.0195982660723917 vs -1.0195982660723917
3. mean_std,Val L1 Loss.p_value_ttest,PASS,sai lệch lớn nhất 0 tại chỉ số 0: 0.6994797566040796 vs 0.6994797566040796
3. mean_std,Val L1 Loss.cờ ý nghĩa α=0.05,PASS,
3. mean_std,Best Epoch.baseline_mean,PASS,sai lệch lớn nhất 0 tại chỉ số 0: 87.3 vs 87.3
3. mean_std,Best Epoch.baseline_std,PASS,sai lệch lớn nhất 1.78e-15 tại chỉ số 0: 13.098345951556887 vs 13.098345951556889
3. mean_std,Best Epoch.tsvm_mean,PASS,sai lệch lớn nhất 0 tại chỉ số 0: 91.7 vs 91.7
3. mean_std,Best Epoch.tsvm_std,PASS,sai lệch lớn nhất 0 tại chỉ số 0: 4.854551129266914 vs 4.854551129266914
3. mean_std,Best Epoch.delta,PASS,sai lệch lớn nhất 0 tại chỉ số 0: 4.400000000000006 vs 4.400000000000006
3. mean_std,Best Epoch.percent_change,PASS,sai lệch lớn nhất 0 tại chỉ số 0: 5.040091638029788 vs 5.040091638029788
3. mean_std,Best Epoch.p_value_ttest,PASS,sai lệch lớn nhất 5.55e-17 tại chỉ số 0: 0.31493889015194687 vs 0.3149388901519468
3. mean_std,Best Epoch.cờ ý nghĩa α=0.05,PASS,
4. min_max,Mask mAP@50-95.baseline_min,PASS,sai lệch lớn nhất 0 tại chỉ số 0: 0.69411 vs 0.69411
4. min_max,Mask mAP@50-95.baseline_max,PASS,sai lệch lớn nhất 0 tại chỉ số 0: 0.73663 vs 0.73663
4. min_max,Mask mAP@50-95.baseline_median,PASS,sai lệch lớn nhất 0 tại chỉ số 0: 0.720885 vs 0.720885
4. min_max,Mask mAP@50-95.baseline_range,PASS,sai lệch lớn nhất 0 tại chỉ số 0: 0.04252 vs 0.04252
4. min_max,Mask mAP@50-95.baseline_best_seed,PASS,0 vs 0
4. min_max,Mask mAP@50-95.baseline_worst_seed,PASS,3 vs 3
4. min_max,Mask mAP@50-95.tsvm_min,PASS,sai lệch lớn nhất 0 tại chỉ số 0: 0.7065 vs 0.7065
4. min_max,Mask mAP@50-95.tsvm_max,PASS,sai lệch lớn nhất 0 tại chỉ số 0: 0.73385 vs 0.73385
4. min_max,Mask mAP@50-95.tsvm_median,PASS,sai lệch lớn nhất 0 tại chỉ số 0: 0.7256400000000001 vs 0.7256400000000001
4. min_max,Mask mAP@50-95.tsvm_range,PASS,sai lệch lớn nhất 8.67e-17 tại chỉ số 0: 0.027349999999999985 vs 0.0273499999999999
4. min_max,Mask mAP@50-95.tsvm_best_seed,PASS,8 vs 8
4. min_max,Mask mAP@50-95.tsvm_worst_seed,PASS,7 vs 7
4. min_max,Mask mAP@50.baseline_min,PASS,sai lệch lớn nhất 0 tại chỉ số 0: 0.89517 vs 0.89517
4. min_max,Mask mAP@50.baseline_max,PASS,sai lệch lớn nhất 0 tại chỉ số 0: 0.93188 vs 0.93188
4. min_max,Mask mAP@50.baseline_median,PASS,sai lệch lớn nhất 0 tại chỉ số 0: 0.908825 vs 0.908825
4. min_max,Mask mAP@50.baseline_range,PASS,sai lệch lớn nhất 2.08e-17 tại chỉ số 0: 0.03671000000000002 vs 0.03671
4. min_max,Mask mAP@50.baseline_best_seed,PASS,8 vs 8
4. min_max,Mask mAP@50.baseline_worst_seed,PASS,1 vs 1
4. min_max,Mask mAP@50.tsvm_min,PASS,sai lệch lớn nhất 0 tại chỉ số 0: 0.89027 vs 0.89027
4. min_max,Mask mAP@50.tsvm_max,PASS,sai lệch lớn nhất 0 tại chỉ số 0: 0.91663 vs 0.91663
4. min_max,Mask mAP@50.tsvm_median,PASS,sai lệch lớn nhất 1.11e-16 tại chỉ số 0: 0.9068050000000001 vs 0.906805
4. min_max,Mask mAP@50.tsvm_range,PASS,sai lệch lớn nhất 3.82e-17 tại chỉ số 0: 0.02635999999999994 vs 0.0263599999999999
4. min_max,Mask mAP@50.tsvm_best_seed,PASS,9 vs 9
4. min_max,Mask mAP@50.tsvm_worst_seed,PASS,7 vs 7
4. min_max,Mask Precision.baseline_min,PASS,sai lệch lớn nhất 0 tại chỉ số 0: 0.85328 vs 0.85328
4. min_max,Mask Precision.baseline_max,PASS,sai lệch lớn nhất 0 tại chỉ số 0: 0.95352 vs 0.95352
4. min_max,Mask Precision.baseline_median,PASS,sai lệch lớn nhất 0 tại chỉ số 0: 0.904865 vs 0.904865
4. min_max,Mask Precision.baseline_range,PASS,sai lệch lớn nhất 0 tại chỉ số 0: 0.10024 vs 0.10024
4. min_max,Mask Precision.baseline_best_seed,PASS,0 vs 0
4. min_max,Mask Precision.baseline_worst_seed,PASS,1 vs 1
4. min_max,Mask Precision.tsvm_min,PASS,sai lệch lớn nhất 0 tại chỉ số 0: 0.85949 vs 0.85949
4. min_max,Mask Precision.tsvm_max,PASS,sai lệch lớn nhất 0 tại chỉ số 0: 0.94368 vs 0.94368
4. min_max,Mask Precision.tsvm_median,PASS,sai lệch lớn nhất 0 tại chỉ số 0: 0.9204 vs 0.9204
4. min_max,Mask Precision.tsvm_range,PASS,sai lệch lớn nhất 8.33e-17 tại chỉ số 0: 0.08418999999999999 vs 0.0841899999999999
4. min_max,Mask Precision.tsvm_best_seed,PASS,1 vs 1
4. min_max,Mask Precision.tsvm_worst_seed,PASS,7 vs 7
4. min_max,Mask Recall.baseline_min,PASS,sai lệch lớn nhất 0 tại chỉ số 0: 0.8189 vs 0.8189
4. min_max,Mask Recall.baseline_max,PASS,sai lệch lớn nhất 0 tại chỉ số 0: 0.89493 vs 0.89493
4. min_max,Mask Recall.baseline_median,PASS,sai lệch lớn nhất 0 tại chỉ số 0: 0.857495 vs 0.857495
4. min_max,Mask Recall.baseline_range,PASS,sai lệch lớn nhất 4.16e-17 tại chỉ số 0: 0.07603000000000004 vs 0.07603
4. min_max,Mask Recall.baseline_best_seed,PASS,9 vs 9
4. min_max,Mask Recall.baseline_worst_seed,PASS,0 vs 0
4. min_max,Mask Recall.tsvm_min,PASS,sai lệch lớn nhất 0 tại chỉ số 0: 0.83767 vs 0.83767
4. min_max,Mask Recall.tsvm_max,PASS,sai lệch lớn nhất 0 tại chỉ số 0: 0.89093 vs 0.89093
4. min_max,Mask Recall.tsvm_median,PASS,sai lệch lớn nhất 0 tại chỉ số 0: 0.862205 vs 0.862205
4. min_max,Mask Recall.tsvm_range,PASS,sai lệch lớn nhất 7.63e-17 tại chỉ số 0: 0.053259999999999974 vs 0.0532599999999999
4. min_max,Mask Recall.tsvm_best_seed,PASS,3 vs 3
4. min_max,Mask Recall.tsvm_worst_seed,PASS,2 vs 2
4. min_max,Box mAP@50-95.baseline_min,PASS,sai lệch lớn nhất 0 tại chỉ số 0: 0.69053 vs 0.69053
4. min_max,Box mAP@50-95.baseline_max,PASS,sai lệch lớn nhất 0 tại chỉ số 0: 0.75226 vs 0.75226
4. min_max,Box mAP@50-95.baseline_median,PASS,sai lệch lớn nhất 0 tại chỉ số 0: 0.73136 vs 0.73136
4. min_max,Box mAP@50-95.baseline_range,PASS,sai lệch lớn nhất 6.25e-17 tại chỉ số 0: 0.06173000000000006 vs 0.06173
4. min_max,Box mAP@50-95.baseline_best_seed,PASS,0 vs 0
4. min_max,Box mAP@50-95.baseline_worst_seed,PASS,3 vs 3
4. min_max,Box mAP@50-95.tsvm_min,PASS,sai lệch lớn nhất 0 tại chỉ số 0: 0.69919 vs 0.69919
4. min_max,Box mAP@50-95.tsvm_max,PASS,sai lệch lớn nhất 0 tại chỉ số 0: 0.74407 vs 0.74407
4. min_max,Box mAP@50-95.tsvm_median,PASS,sai lệch lớn nhất 0 tại chỉ số 0: 0.731395 vs 0.731395
4. min_max,Box mAP@50-95.tsvm_range,PASS,sai lệch lớn nhất 2.78e-17 tại chỉ số 0: 0.04488000000000003 vs 0.04488
4. min_max,Box mAP@50-95.tsvm_best_seed,PASS,1 vs 1
4. min_max,Box mAP@50-95.tsvm_worst_seed,PASS,7 vs 7
4. min_max,Box mAP@50.baseline_min,PASS,sai lệch lớn nhất 0 tại chỉ số 0: 0.87766 vs 0.87766
4. min_max,Box mAP@50.baseline_max,PASS,sai lệch lớn nhất 0 tại chỉ số 0: 0.91891 vs 0.91891
4. min_max,Box mAP@50.baseline_median,PASS,sai lệch lớn nhất 0 tại chỉ số 0: 0.90152 vs 0.90152
4. min_max,Box mAP@50.baseline_range,PASS,sai lệch lớn nhất 6.94e-18 tại chỉ số 0: 0.04125000000000001 vs 0.04125
4. min_max,Box mAP@50.baseline_best_seed,PASS,5 vs 5
4. min_max,Box mAP@50.baseline_worst_seed,PASS,1 vs 1
4. min_max,Box mAP@50.tsvm_min,PASS,sai lệch lớn nhất 0 tại chỉ số 0: 0.88458 vs 0.88458
4. min_max,Box mAP@50.tsvm_max,PASS,sai lệch lớn nhất 0 tại chỉ số 0: 0.9113 vs 0.9113
4. min_max,Box mAP@50.tsvm_median,PASS,sai lệch lớn nhất 1.11e-16 tại chỉ số 0: 0.9011199999999999 vs 0.90112
4. min_max,Box mAP@50.tsvm_range,PASS,sai lệch lớn nhất 6.59e-17 tại chỉ số 0: 0.026719999999999966 vs 0.0267199999999999
4. min_max,Box mAP@50.tsvm_best_seed,PASS,5 vs 5
4. min_max,Box mAP@50.tsvm_worst_seed,PASS,7 vs 7
4. min_max,Box Precision.baseline_min,PASS,sai lệch lớn nhất 0 tại chỉ số 0: 0.84923 vs 0.84923
4. min_max,Box Precision.baseline_max,PASS,sai lệch lớn nhất 0 tại chỉ số 0: 0.95352 vs 0.95352
4. min_max,Box Precision.baseline_median,PASS,sai lệch lớn nhất 0 tại chỉ số 0: 0.900025 vs 0.900025
4. min_max,Box Precision.baseline_range,PASS,sai lệch lớn nhất 0 tại chỉ số 0: 0.10429 vs 0.10429
4. min_max,Box Precision.baseline_best_seed,PASS,0 vs 0
4. min_max,Box Precision.baseline_worst_seed,PASS,9 vs 9
4. min_max,Box Precision.tsvm_min,PASS,sai lệch lớn nhất 0 tại chỉ số 0: 0.85949 vs 0.85949
4. min_max,Box Precision.tsvm_max,PASS,sai lệch lớn nhất 0 tại chỉ số 0: 0.94368 vs 0.94368
4. min_max,Box Precision.tsvm_median,PASS,sai lệch lớn nhất 0 tại chỉ số 0: 0.908165 vs 0.908165
4. min_max,Box Precision.tsvm_range,PASS,sai lệch lớn nhất 8.33e-17 tại chỉ số 0: 0.08418999999999999 vs 0.0841899999999999
4. min_max,Box Precision.tsvm_best_seed,PASS,1 vs 1
4. min_max,Box Precision.tsvm_worst_seed,PASS,7 vs 7
4. min_max,Box Recall.baseline_min,PASS,sai lệch lớn nhất 0 tại chỉ số 0: 0.77165 vs 0.77165
4. min_max,Box Recall.baseline_max,PASS,sai lệch lớn nhất 0 tại chỉ số 0: 0.88706 vs 0.88706
4. min_max,Box Recall.baseline_median,PASS,sai lệch lớn nhất 0 tại chỉ số 0: 0.844865 vs 0.844865
4. min_max,Box Recall.baseline_range,PASS,sai lệch lớn nhất 1.39e-17 tại chỉ số 0: 0.11541000000000001 vs 0.11541
4. min_max,Box Recall.baseline_best_seed,PASS,9 vs 9
4. min_max,Box Recall.baseline_worst_seed,PASS,1 vs 1
4. min_max,Box Recall.tsvm_min,PASS,sai lệch lớn nhất 0 tại chỉ số 0: 0.83465 vs 0.83465
4. min_max,Box Recall.tsvm_max,PASS,sai lệch lớn nhất 0 tại chỉ số 0: 0.87785 vs 0.87785
4. min_max,Box Recall.tsvm_median,PASS,sai lệch lớn nhất 0 tại chỉ số 0: 0.855035 vs 0.855035
4. min_max,Box Recall.tsvm_range,PASS,sai lệch lớn nhất 1.39e-17 tại chỉ số 0: 0.043200000000000016 vs 0.0432
4. min_max,Box Recall.tsvm_best_seed,PASS,5 vs 5
4. min_max,Box Recall.tsvm_worst_seed,PASS,6 vs 6
4. min_max,Val Seg Loss.baseline_min,PASS,sai lệch lớn nhất 0 tại chỉ số 0: 1.20219 vs 1.20219
4. min_max,Val Seg Loss.baseline_max,PASS,sai lệch lớn nhất 0 tại chỉ số 0: 1.45007 vs 1.45007
4. min_max,Val Seg Loss.baseline_median,PASS,sai lệch lớn nhất 0 tại chỉ số 0: 1.283455 vs 1.283455
4. min_max,Val Seg Loss.baseline_range,PASS,sai lệch lớn nhất 8.33e-17 tại chỉ số 0: 0.24787999999999988 vs 0.2478799999999998
4. min_max,Val Seg Loss.baseline_best_seed,PASS,5 vs 5
4. min_max,Val Seg Loss.baseline_worst_seed,PASS,8 vs 8
4. min_max,Val Seg Loss.tsvm_min,PASS,sai lệch lớn nhất 0 tại chỉ số 0: 1.17774 vs 1.17774
4. min_max,Val Seg Loss.tsvm_max,PASS,sai lệch lớn nhất 0 tại chỉ số 0: 1.30203 vs 1.30203
4. min_max,Val Seg Loss.tsvm_median,PASS,sai lệch lớn nhất 0 tại chỉ số 0: 1.242185 vs 1.242185
4. min_max,Val Seg Loss.tsvm_range,PASS,sai lệch lớn nhất 1.39e-17 tại chỉ số 0: 0.12429000000000001 vs 0.12429
4. min_max,Val Seg Loss.tsvm_best_seed,PASS,3 vs 3
4. min_max,Val Seg Loss.tsvm_worst_seed,PASS,5 vs 5
4. min_max,Val Box Loss.baseline_min,PASS,sai lệch lớn nhất 0 tại chỉ số 0: 0.66545 vs 0.66545
4. min_max,Val Box Loss.baseline_max,PASS,sai lệch lớn nhất 0 tại chỉ số 0: 0.80078 vs 0.80078
4. min_max,Val Box Loss.baseline_median,PASS,sai lệch lớn nhất 0 tại chỉ số 0: 0.713855 vs 0.713855
4. min_max,Val Box Loss.baseline_range,PASS,sai lệch lớn nhất 5.55e-17 tại chỉ số 0: 0.13533000000000006 vs 0.13533
4. min_max,Val Box Loss.baseline_best_seed,PASS,4 vs 4
4. min_max,Val Box Loss.baseline_worst_seed,PASS,7 vs 7
4. min_max,Val Box Loss.tsvm_min,PASS,sai lệch lớn nhất 0 tại chỉ số 0: 0.67509 vs 0.67509
4. min_max,Val Box Loss.tsvm_max,PASS,sai lệch lớn nhất 0 tại chỉ số 0: 0.79314 vs 0.79314
4. min_max,Val Box Loss.tsvm_median,PASS,sai lệch lớn nhất 0 tại chỉ số 0: 0.740515 vs 0.740515
4. min_max,Val Box Loss.tsvm_range,PASS,sai lệch lớn nhất 8.33e-17 tại chỉ số 0: 0.11804999999999999 vs 0.1180499999999999
4. min_max,Val Box Loss.tsvm_best_seed,PASS,6 vs 6
4. min_max,Val Box Loss.tsvm_worst_seed,PASS,0 vs 0
4. min_max,Val Cls Loss.baseline_min,PASS,sai lệch lớn nhất 0 tại chỉ số 0: 0.49582 vs 0.49582
4. min_max,Val Cls Loss.baseline_max,PASS,sai lệch lớn nhất 0 tại chỉ số 0: 0.67022 vs 0.67022
4. min_max,Val Cls Loss.baseline_median,PASS,sai lệch lớn nhất 0 tại chỉ số 0: 0.537275 vs 0.537275
4. min_max,Val Cls Loss.baseline_range,PASS,sai lệch lớn nhất 5.55e-17 tại chỉ số 0: 0.17440000000000005 vs 0.1744
4. min_max,Val Cls Loss.baseline_best_seed,PASS,8 vs 8
4. min_max,Val Cls Loss.baseline_worst_seed,PASS,3 vs 3
4. min_max,Val Cls Loss.tsvm_min,PASS,sai lệch lớn nhất 0 tại chỉ số 0: 0.53301 vs 0.53301
4. min_max,Val Cls Loss.tsvm_max,PASS,sai lệch lớn nhất 0 tại chỉ số 0: 0.83094 vs 0.83094
4. min_max,Val Cls Loss.tsvm_median,PASS,sai lệch lớn nhất 0 tại chỉ số 0: 0.58341 vs 0.58341
4. min_max,Val Cls Loss.tsvm_range,PASS,sai lệch lớn nhất 5.55e-17 tại chỉ số 0: 0.29793000000000003 vs 0.29793
4. min_max,Val Cls Loss.tsvm_best_seed,PASS,5 vs 5
4. min_max,Val Cls Loss.tsvm_worst_seed,PASS,7 vs 7
4. min_max,Val L1 Loss.baseline_min,PASS,sai lệch lớn nhất 0 tại chỉ số 0: 0.01473 vs 0.01473
4. min_max,Val L1 Loss.baseline_max,PASS,sai lệch lớn nhất 0 tại chỉ số 0: 0.01854 vs 0.01854
4. min_max,Val L1 Loss.baseline_median,PASS,sai lệch lớn nhất 9.71e-17 tại chỉ số 0: 0.016149999999999998 vs 0.0161499999999999
4. min_max,Val L1 Loss.baseline_range,PASS,sai lệch lớn nhất 8.67e-19 tại chỉ số 0: 0.003810000000000001 vs 0.00381
4. min_max,Val L1 Loss.baseline_best_seed,PASS,4 vs 4
4. min_max,Val L1 Loss.baseline_worst_seed,PASS,7 vs 7
4. min_max,Val L1 Loss.tsvm_min,PASS,sai lệch lớn nhất 0 tại chỉ số 0: 0.01506 vs 0.01506
4. min_max,Val L1 Loss.tsvm_max,PASS,sai lệch lớn nhất 0 tại chỉ số 0: 0.01752 vs 0.01752
4. min_max,Val L1 Loss.tsvm_median,PASS,sai lệch lớn nhất 0 tại chỉ số 0: 0.016325 vs 0.016325
4. min_max,Val L1 Loss.tsvm_range,PASS,sai lệch lớn nhất 4.34e-19 tại chỉ số 0: 0.0024600000000000004 vs 0.00246
4. min_max,Val L1 Loss.tsvm_best_seed,PASS,6 vs 6
4. min_max,Val L1 Loss.tsvm_worst_seed,PASS,0 vs 0
4. min_max,Best Epoch.baseline_min,PASS,sai lệch lớn nhất 0 tại chỉ số 0: 61.0 vs 61.0
4. min_max,Best Epoch.baseline_max,PASS,sai lệch lớn nhất 0 tại chỉ số 0: 100.0 vs 100.0
4. min_max,Best Epoch.baseline_median,PASS,sai lệch lớn nhất 0 tại chỉ số 0: 91.5 vs 91.5
4. min_max,Best Epoch.baseline_range,PASS,sai lệch lớn nhất 0 tại chỉ số 0: 39.0 vs 39.0
4. min_max,Best Epoch.baseline_best_seed,PASS,2 vs 2
4. min_max,Best Epoch.baseline_worst_seed,PASS,3 vs 3
4. min_max,Best Epoch.tsvm_min,PASS,sai lệch lớn nhất 0 tại chỉ số 0: 83.0 vs 83.0
4. min_max,Best Epoch.tsvm_max,PASS,sai lệch lớn nhất 0 tại chỉ số 0: 98.0 vs 98.0
4. min_max,Best Epoch.tsvm_median,PASS,sai lệch lớn nhất 0 tại chỉ số 0: 91.5 vs 91.5
4. min_max,Best Epoch.tsvm_range,PASS,sai lệch lớn nhất 0 tại chỉ số 0: 15.0 vs 15.0
4. min_max,Best Epoch.tsvm_best_seed,PASS,1 vs 1
4. min_max,Best Epoch.tsvm_worst_seed,PASS,2 vs 2
5. seed_cmp,Cột seed,PASS,sai lệch lớn nhất 0 tại chỉ số 0: 0.0 vs 0.0
5. seed_cmp,Baseline_mask_map50_95,PASS,sai lệch lớn nhất 0 tại chỉ số 0: 0.73663 vs 0.73663
5. seed_cmp,TSVM_mask_map50_95,PASS,sai lệch lớn nhất 0 tại chỉ số 0: 0.72451 vs 0.72451
5. seed_cmp,Delta_mask_map50_95,PASS,sai lệch lớn nhất 9.45e-17 tại chỉ số 4: -0.007709999999999995 vs -0.0077099999999999
5. seed_cmp,Baseline_mask_map50,PASS,sai lệch lớn nhất 0 tại chỉ số 0: 0.91363 vs 0.91363
5. seed_cmp,TSVM_mask_map50,PASS,sai lệch lớn nhất 0 tại chỉ số 0: 0.90402 vs 0.90402
5. seed_cmp,Delta_mask_map50,PASS,sai lệch lớn nhất 9.71e-17 tại chỉ số 1: 0.016369999999999996 vs 0.0163699999999999
5. seed_cmp,Baseline_mask_precision,PASS,sai lệch lớn nhất 0 tại chỉ số 0: 0.95352 vs 0.95352
5. seed_cmp,TSVM_mask_precision,PASS,sai lệch lớn nhất 0 tại chỉ số 0: 0.93122 vs 0.93122
5. seed_cmp,Delta_mask_precision,PASS,sai lệch lớn nhất 9.71e-17 tại chỉ số 6: 0.035739999999999994 vs 0.0357399999999999
5. seed_cmp,Baseline_mask_recall,PASS,sai lệch lớn nhất 0 tại chỉ số 0: 0.8189 vs 0.8189
5. seed_cmp,TSVM_mask_recall,PASS,sai lệch lớn nhất 0 tại chỉ số 0: 0.85286 vs 0.85286
5. seed_cmp,Delta_mask_recall,PASS,sai lệch lớn nhất 9.19e-17 tại chỉ số 6: -0.010759999999999992 vs -0.0107599999999999
5. seed_cmp,Baseline_box_map50_95,PASS,sai lệch lớn nhất 0 tại chỉ số 0: 0.75226 vs 0.75226
5. seed_cmp,TSVM_box_map50_95,PASS,sai lệch lớn nhất 0 tại chỉ số 0: 0.71251 vs 0.71251
5. seed_cmp,Delta_box_map50_95,PASS,sai lệch lớn nhất 8.76e-17 tại chỉ số 5: -0.005149999999999988 vs -0.0051499999999999
5. seed_cmp,Baseline_box_map50,PASS,sai lệch lớn nhất 0 tại chỉ số 0: 0.91164 vs 0.91164
5. seed_cmp,TSVM_box_map50,PASS,sai lệch lớn nhất 0 tại chỉ số 0: 0.89728 vs 0.89728
5. seed_cmp,Delta_box_map50,PASS,sai lệch lớn nhất 9.02e-17 tại chỉ số 1: 0.03317999999999999 vs 0.0331799999999999
5. seed_cmp,Baseline_box_precision,PASS,sai lệch lớn nhất 0 tại chỉ số 0: 0.95352 vs 0.95352
5. seed_cmp,TSVM_box_precision,PASS,sai lệch lớn nhất 0 tại chỉ số 0: 0.92262 vs 0.92262
5. seed_cmp,Delta_box_precision,PASS,sai lệch lớn nhất 9.37e-17 tại chỉ số 5: -0.027689999999999992 vs -0.0276899999999999
5. seed_cmp,Baseline_box_recall,PASS,sai lệch lớn nhất 0 tại chỉ số 0: 0.8189 vs 0.8189
5. seed_cmp,TSVM_box_recall,PASS,sai lệch lớn nhất 0 tại chỉ số 0: 0.84499 vs 0.84499
5. seed_cmp,Delta_box_recall,PASS,sai lệch lớn nhất 8.33e-17 tại chỉ số 9: -0.03666999999999998 vs -0.0366699999999999
5. seed_cmp,Baseline_val_seg_loss,PASS,sai lệch lớn nhất 0 tại chỉ số 0: 1.34116 vs 1.34116
5. seed_cmp,TSVM_val_seg_loss,PASS,sai lệch lớn nhất 0 tại chỉ số 0: 1.2809 vs 1.2809
5. seed_cmp,Delta_val_seg_loss,PASS,sai lệch lớn nhất 8.33e-17 tại chỉ số 0: -0.06025999999999998 vs -0.0602599999999999
5. seed_cmp,Baseline_val_box_loss,PASS,sai lệch lớn nhất 0 tại chỉ số 0: 0.69794 vs 0.69794
5. seed_cmp,TSVM_val_box_loss,PASS,sai lệch lớn nhất 0 tại chỉ số 0: 0.79314 vs 0.79314
5. seed_cmp,Delta_val_box_loss,PASS,sai lệch lớn nhất 9.37e-17 tại chỉ số 3: -0.022639999999999993 vs -0.0226399999999999
5. seed_cmp,Baseline_val_cls_loss,PASS,sai lệch lớn nhất 0 tại chỉ số 0: 0.50044 vs 0.50044
5. seed_cmp,TSVM_val_cls_loss,PASS,sai lệch lớn nhất 0 tại chỉ số 0: 0.60101 vs 0.60101
5. seed_cmp,Delta_val_cls_loss,PASS,sai lệch lớn nhất 6.94e-17 tại chỉ số 8: 0.07989000000000007 vs 0.07989
5. seed_cmp,Baseline_val_l1_loss,PASS,sai lệch lớn nhất 0 tại chỉ số 0: 0.01589 vs 0.01589
5. seed_cmp,TSVM_val_l1_loss,PASS,sai lệch lớn nhất 0 tại chỉ số 0: 0.01752 vs 0.01752
5. seed_cmp,Delta_val_l1_loss,PASS,sai lệch lớn nhất 9.95e-17 tại chỉ số 0: 0.0016299999999999995 vs 0.0016299999999999
5. seed_cmp,Baseline_best_epoch,PASS,sai lệch lớn nhất 0 tại chỉ số 0: 89.0 vs 89.0
5. seed_cmp,TSVM_best_epoch,PASS,sai lệch lớn nhất 0 tại chỉ số 0: 88.0 vs 88.0
5. seed_cmp,Delta_best_epoch,PASS,sai lệch lớn nhất 0 tại chỉ số 0: -1.0 vs -1.0
5. seed_cmp,Mask mAP@50-95.tsvm_wins,PASS,6 vs 6
5. seed_cmp,Mask mAP@50-95.baseline_wins,PASS,4 vs 4
5. seed_cmp,Mask mAP@50-95.ties,PASS,0 vs 0
5. seed_cmp,Mask mAP@50.tsvm_wins,PASS,3 vs 3
5. seed_cmp,Mask mAP@50.baseline_wins,PASS,7 vs 7
5. seed_cmp,Mask mAP@50.ties,PASS,0 vs 0
5. seed_cmp,Mask Precision.tsvm_wins,PASS,5 vs 5
5. seed_cmp,Mask Precision.baseline_wins,PASS,5 vs 5
5. seed_cmp,Mask Precision.ties,PASS,0 vs 0
5. seed_cmp,Mask Recall.tsvm_wins,PASS,6 vs 6
5. seed_cmp,Mask Recall.baseline_wins,PASS,4 vs 4
5. seed_cmp,Mask Recall.ties,PASS,0 vs 0
5. seed_cmp,Box mAP@50-95.tsvm_wins,PASS,6 vs 6
5. seed_cmp,Box mAP@50-95.baseline_wins,PASS,4 vs 4
5. seed_cmp,Box mAP@50-95.ties,PASS,0 vs 0
5. seed_cmp,Box mAP@50.tsvm_wins,PASS,5 vs 5
5. seed_cmp,Box mAP@50.baseline_wins,PASS,5 vs 5
5. seed_cmp,Box mAP@50.ties,PASS,0 vs 0
5. seed_cmp,Box Precision.tsvm_wins,PASS,5 vs 5
5. seed_cmp,Box Precision.baseline_wins,PASS,5 vs 5
5. seed_cmp,Box Precision.ties,PASS,0 vs 0
5. seed_cmp,Box Recall.tsvm_wins,PASS,6 vs 6
5. seed_cmp,Box Recall.baseline_wins,PASS,4 vs 4
5. seed_cmp,Box Recall.ties,PASS,0 vs 0
5. seed_cmp,Val Seg Loss.tsvm_wins,PASS,8 vs 8
5. seed_cmp,Val Seg Loss.baseline_wins,PASS,2 vs 2
5. seed_cmp,Val Seg Loss.ties,PASS,0 vs 0
5. seed_cmp,Val Box Loss.tsvm_wins,PASS,6 vs 6
5. seed_cmp,Val Box Loss.baseline_wins,PASS,4 vs 4
5. seed_cmp,Val Box Loss.ties,PASS,0 vs 0
5. seed_cmp,Val Cls Loss.tsvm_wins,PASS,2 vs 2
5. seed_cmp,Val Cls Loss.baseline_wins,PASS,8 vs 8
5. seed_cmp,Val Cls Loss.ties,PASS,0 vs 0
5. seed_cmp,Val L1 Loss.tsvm_wins,PASS,6 vs 6
5. seed_cmp,Val L1 Loss.baseline_wins,PASS,4 vs 4
5. seed_cmp,Val L1 Loss.ties,PASS,0 vs 0
5. seed_cmp,Best Epoch.tsvm_wins,PASS,4 vs 4
5. seed_cmp,Best Epoch.baseline_wins,PASS,5 vs 5
5. seed_cmp,Best Epoch.ties,PASS,1 vs 1
6. 03_metrics,mask_map50_95: tên metric khớp,PASS,
6. 03_metrics,mask_map50_95.baseline_mean,PASS,sai lệch lớn nhất 0 tại chỉ số 0: 0.7210289999999999 vs 0.7210289999999999
6. 03_metrics,mask_map50_95.baseline_std,PASS,sai lệch lớn nhất 9.37e-17 tại chỉ số 0: 0.012854317432935393 vs 0.0128543174329353
6. 03_metrics,mask_map50_95.baseline_min,PASS,sai lệch lớn nhất 0 tại chỉ số 0: 0.69411 vs 0.69411
6. 03_metrics,mask_map50_95.baseline_max,PASS,sai lệch lớn nhất 0 tại chỉ số 0: 0.73663 vs 0.73663
6. 03_metrics,mask_map50_95.baseline_median,PASS,sai lệch lớn nhất 0 tại chỉ số 0: 0.720885 vs 0.720885
6. 03_metrics,mask_map50_95.baseline_range,PASS,sai lệch lớn nhất 0 tại chỉ số 0: 0.04252 vs 0.04252
6. 03_metrics,mask_map50_95.baseline_best_seed,PASS,
6. 03_metrics,mask_map50_95.baseline_worst_seed,PASS,
6. 03_metrics,mask_map50_95.tsvm_mean,PASS,sai lệch lớn nhất 0 tại chỉ số 0: 0.7245790000000001 vs 0.7245790000000001
6. 03_metrics,mask_map50_95.tsvm_std,PASS,sai lệch lớn nhất 4.86e-17 tại chỉ số 0: 0.007755427418553049 vs 0.007755427418553
6. 03_metrics,mask_map50_95.tsvm_min,PASS,sai lệch lớn nhất 0 tại chỉ số 0: 0.7065 vs 0.7065
6. 03_metrics,mask_map50_95.tsvm_max,PASS,sai lệch lớn nhất 0 tại chỉ số 0: 0.73385 vs 0.73385
6. 03_metrics,mask_map50_95.tsvm_median,PASS,sai lệch lớn nhất 0 tại chỉ số 0: 0.7256400000000001 vs 0.7256400000000001
6. 03_metrics,mask_map50_95.tsvm_range,PASS,sai lệch lớn nhất 8.67e-17 tại chỉ số 0: 0.027349999999999985 vs 0.0273499999999999
6. 03_metrics,mask_map50_95.tsvm_best_seed,PASS,
6. 03_metrics,mask_map50_95.tsvm_worst_seed,PASS,
6. 03_metrics,mask_map50_95.delta,PASS,sai lệch lớn nhất 6.42e-17 tại chỉ số 0: 0.003550000000000164 vs 0.0035500000000001
6. 03_metrics,mask_map50_95.percent_change,PASS,sai lệch lớn nhất 5.55e-17 tại chỉ số 0: 0.49235190262807244 vs 0.4923519026280724
6. 03_metrics,mask_map50_95.tsvm_wins_seeds,PASS,6 vs 6
6. 03_metrics,mask_map50_95.baseline_wins_seeds,PASS,
6. 03_metrics,mask_map50_95.ties_seeds,PASS,
6. 03_metrics,mask_map50_95.paired_ttest_stat,PASS,sai lệch lớn nhất 0 tại chỉ số 0: 0.9152699937958194 vs 0.9152699937958194
6. 03_metrics,mask_map50_95.p_value_ttest,PASS,sai lệch lớn nhất 0 tại chỉ số 0: 0.3839172024055718 vs 0.3839172024055718
6. 03_metrics,mask_map50_95.wilcoxon_stat,PASS,sai lệch lớn nhất 0 tại chỉ số 0: 19.0 vs 19.0
6. 03_metrics,mask_map50_95.p_value_wilcoxon,PASS,sai lệch lớn nhất 0 tại chỉ số 0: 0.431640625 vs 0.431640625
6. 03_metrics,mask_map50: tên metric khớp,PASS,
6. 03_metrics,mask_map50.baseline_mean,PASS,sai lệch lớn nhất 0 tại chỉ số 0: 0.911863 vs 0.911863
6. 03_metrics,mask_map50.baseline_std,PASS,sai lệch lớn nhất 6.94e-18 tại chỉ số 0: 0.010662283526524707 vs 0.0106622835265247
6. 03_metrics,mask_map50.baseline_min,PASS,sai lệch lớn nhất 0 tại chỉ số 0: 0.89517 vs 0.89517
6. 03_metrics,mask_map50.baseline_max,PASS,sai lệch lớn nhất 0 tại chỉ số 0: 0.93188 vs 0.93188
6. 03_metrics,mask_map50.baseline_median,PASS,sai lệch lớn nhất 0 tại chỉ số 0: 0.908825 vs 0.908825
6. 03_metrics,mask_map50.baseline_range,PASS,sai lệch lớn nhất 2.08e-17 tại chỉ số 0: 0.03671000000000002 vs 0.03671
6. 03_metrics,mask_map50.baseline_best_seed,PASS,
6. 03_metrics,mask_map50.baseline_worst_seed,PASS,
6. 03_metrics,mask_map50.tsvm_mean,PASS,sai lệch lớn nhất 1.11e-16 tại chỉ số 0: 0.9062159999999999 vs 0.906216
6. 03_metrics,mask_map50.tsvm_std,PASS,sai lệch lớn nhất 1.73e-17 tại chỉ số 0: 0.008220198970287217 vs 0.0082201989702872
6. 03_metrics,mask_map50.tsvm_min,PASS,sai lệch lớn nhất 0 tại chỉ số 0: 0.89027 vs 0.89027
6. 03_metrics,mask_map50.tsvm_max,PASS,sai lệch lớn nhất 0 tại chỉ số 0: 0.91663 vs 0.91663
6. 03_metrics,mask_map50.tsvm_median,PASS,sai lệch lớn nhất 1.11e-16 tại chỉ số 0: 0.9068050000000001 vs 0.906805
6. 03_metrics,mask_map50.tsvm_range,PASS,sai lệch lớn nhất 3.82e-17 tại chỉ số 0: 0.02635999999999994 vs 0.0263599999999999
6. 03_metrics,mask_map50.tsvm_best_seed,PASS,
6. 03_metrics,mask_map50.tsvm_worst_seed,PASS,
6. 03_metrics,mask_map50.delta,PASS,sai lệch lớn nhất 6.85e-17 tại chỉ số 0: -0.005647000000000069 vs -0.005647
6. 03_metrics,mask_map50.percent_change,PASS,sai lệch lớn nhất 0 tại chỉ số 0: -0.6192816245422907 vs -0.6192816245422907
6. 03_metrics,mask_map50.tsvm_wins_seeds,PASS,3 vs 3
6. 03_metrics,mask_map50.baseline_wins_seeds,PASS,
6. 03_metrics,mask_map50.ties_seeds,PASS,
6. 03_metrics,mask_map50.paired_ttest_stat,PASS,sai lệch lớn nhất 0 tại chỉ số 0: -1.2956759872145192 vs -1.2956759872145192
6. 03_metrics,mask_map50.p_value_ttest,PASS,sai lệch lớn nhất 0 tại chỉ số 0: 0.2273295311410982 vs 0.2273295311410982
6. 03_metrics,mask_map50.wilcoxon_stat,PASS,sai lệch lớn nhất 0 tại chỉ số 0: 16.0 vs 16.0
6. 03_metrics,mask_map50.p_value_wilcoxon,PASS,sai lệch lớn nhất 0 tại chỉ số 0: 0.275390625 vs 0.275390625
6. 03_metrics,mask_precision: tên metric khớp,PASS,
6. 03_metrics,mask_precision.baseline_mean,PASS,sai lệch lớn nhất 1.11e-16 tại chỉ số 0: 0.9022780000000001 vs 0.902278
6. 03_metrics,mask_precision.baseline_std,PASS,sai lệch lớn nhất 0 tại chỉ số 0: 0.0338993837374336 vs 0.0338993837374336
6. 03_metrics,mask_precision.baseline_min,PASS,sai lệch lớn nhất 0 tại chỉ số 0: 0.85328 vs 0.85328
6. 03_metrics,mask_precision.baseline_max,PASS,sai lệch lớn nhất 0 tại chỉ số 0: 0.95352 vs 0.95352
6. 03_metrics,mask_precision.baseline_median,PASS,sai lệch lớn nhất 0 tại chỉ số 0: 0.904865 vs 0.904865
6. 03_metrics,mask_precision.baseline_range,PASS,sai lệch lớn nhất 0 tại chỉ số 0: 0.10024 vs 0.10024
6. 03_metrics,mask_precision.baseline_best_seed,PASS,
6. 03_metrics,mask_precision.baseline_worst_seed,PASS,
6. 03_metrics,mask_precision.tsvm_mean,PASS,sai lệch lớn nhất 1.11e-16 tại chỉ số 0: 0.9117689999999999 vs 0.911769
6. 03_metrics,mask_precision.tsvm_std,PASS,sai lệch lớn nhất 9.37e-17 tại chỉ số 0: 0.024596366240203494 vs 0.0245963662402034
6. 03_metrics,mask_precision.tsvm_min,PASS,sai lệch lớn nhất 0 tại chỉ số 0: 0.85949 vs 0.85949
6. 03_metrics,mask_precision.tsvm_max,PASS,sai lệch lớn nhất 0 tại chỉ số 0: 0.94368 vs 0.94368
6. 03_metrics,mask_precision.tsvm_median,PASS,sai lệch lớn nhất 0 tại chỉ số 0: 0.9204 vs 0.9204
6. 03_metrics,mask_precision.tsvm_range,PASS,sai lệch lớn nhất 8.33e-17 tại chỉ số 0: 0.08418999999999999 vs 0.0841899999999999
6. 03_metrics,mask_precision.tsvm_best_seed,PASS,
6. 03_metrics,mask_precision.tsvm_worst_seed,PASS,
6. 03_metrics,mask_precision.delta,PASS,sai lệch lớn nhất 5.2e-18 tại chỉ số 0: 0.009490999999999805 vs 0.0094909999999998
6. 03_metrics,mask_precision.percent_change,PASS,sai lệch lớn nhất 0 tại chỉ số 0: 1.0518930972493847 vs 1.0518930972493847
6. 03_metrics,mask_precision.tsvm_wins_seeds,PASS,5 vs 5
6. 03_metrics,mask_precision.baseline_wins_seeds,PASS,
6. 03_metrics,mask_precision.ties_seeds,PASS,
6. 03_metrics,mask_precision.paired_ttest_stat,PASS,sai lệch lớn nhất 0 tại chỉ số 0: 0.6325524540345879 vs 0.6325524540345879
6. 03_metrics,mask_precision.p_value_ttest,PASS,sai lệch lớn nhất 0 tại chỉ số 0: 0.5427604396784284 vs 0.5427604396784284
6. 03_metrics,mask_precision.wilcoxon_stat,PASS,sai lệch lớn nhất 0 tại chỉ số 0: 22.0 vs 22.0
6. 03_metrics,mask_precision.p_value_wilcoxon,PASS,sai lệch lớn nhất 0 tại chỉ số 0: 0.625 vs 0.625
6. 03_metrics,mask_recall: tên metric khớp,PASS,
6. 03_metrics,mask_recall.baseline_mean,PASS,sai lệch lớn nhất 0 tại chỉ số 0: 0.85836 vs 0.85836
6. 03_metrics,mask_recall.baseline_std,PASS,sai lệch lớn nhất 1.04e-17 tại chỉ số 0: 0.02517057144100361 vs 0.0251705714410036
6. 03_metrics,mask_recall.baseline_min,PASS,sai lệch lớn nhất 0 tại chỉ số 0: 0.8189 vs 0.8189
6. 03_metrics,mask_recall.baseline_max,PASS,sai lệch lớn nhất 0 tại chỉ số 0: 0.89493 vs 0.89493
6. 03_metrics,mask_recall.baseline_median,PASS,sai lệch lớn nhất 0 tại chỉ số 0: 0.857495 vs 0.857495
6. 03_metrics,mask_recall.baseline_range,PASS,sai lệch lớn nhất 4.16e-17 tại chỉ số 0: 0.07603000000000004 vs 0.07603
6. 03_metrics,mask_recall.baseline_best_seed,PASS,
6. 03_metrics,mask_recall.baseline_worst_seed,PASS,
6. 03_metrics,mask_recall.tsvm_mean,PASS,sai lệch lớn nhất 0 tại chỉ số 0: 0.8624980000000001 vs 0.8624980000000001
6. 03_metrics,mask_recall.tsvm_std,PASS,sai lệch lớn nhất 5.9e-17 tại chỉ số 0: 0.01731844411795316 vs 0.0173184441179531
6. 03_metrics,mask_recall.tsvm_min,PASS,sai lệch lớn nhất 0 tại chỉ số 0: 0.83767 vs 0.83767
6. 03_metrics,mask_recall.tsvm_max,PASS,sai lệch lớn nhất 0 tại chỉ số 0: 0.89093 vs 0.89093
6. 03_metrics,mask_recall.tsvm_median,PASS,sai lệch lớn nhất 0 tại chỉ số 0: 0.862205 vs 0.862205
6. 03_metrics,mask_recall.tsvm_range,PASS,sai lệch lớn nhất 7.63e-17 tại chỉ số 0: 0.053259999999999974 vs 0.0532599999999999
6. 03_metrics,mask_recall.tsvm_best_seed,PASS,
6. 03_metrics,mask_recall.tsvm_worst_seed,PASS,
6. 03_metrics,mask_recall.delta,PASS,sai lệch lớn nhất 8.59e-17 tại chỉ số 0: 0.004138000000000086 vs 0.004138
6. 03_metrics,mask_recall.percent_change,PASS,sai lệch lớn nhất 5.55e-17 tại chỉ số 0: 0.48208211007037677 vs 0.4820821100703767
6. 03_metrics,mask_recall.tsvm_wins_seeds,PASS,6 vs 6
6. 03_metrics,mask_recall.baseline_wins_seeds,PASS,
6. 03_metrics,mask_recall.ties_seeds,PASS,
6. 03_metrics,mask_recall.paired_ttest_stat,PASS,sai lệch lớn nhất 0 tại chỉ số 0: 0.5576632159732396 vs 0.5576632159732396
6. 03_metrics,mask_recall.p_value_ttest,PASS,sai lệch lớn nhất 0 tại chỉ số 0: 0.5906731925283901 vs 0.5906731925283901
6. 03_metrics,mask_recall.wilcoxon_stat,PASS,sai lệch lớn nhất 0 tại chỉ số 0: 22.0 vs 22.0
6. 03_metrics,mask_recall.p_value_wilcoxon,PASS,sai lệch lớn nhất 0 tại chỉ số 0: 0.625 vs 0.625
6. 03_metrics,box_map50_95: tên metric khớp,PASS,
6. 03_metrics,box_map50_95.baseline_mean,PASS,sai lệch lớn nhất 0 tại chỉ số 0: 0.726191 vs 0.726191
6. 03_metrics,box_map50_95.baseline_std,PASS,sai lệch lớn nhất 5.2e-17 tại chỉ số 0: 0.01975202855967515 vs 0.0197520285596751
6. 03_metrics,box_map50_95.baseline_min,PASS,sai lệch lớn nhất 0 tại chỉ số 0: 0.69053 vs 0.69053
6. 03_metrics,box_map50_95.baseline_max,PASS,sai lệch lớn nhất 0 tại chỉ số 0: 0.75226 vs 0.75226
6. 03_metrics,box_map50_95.baseline_median,PASS,sai lệch lớn nhất 0 tại chỉ số 0: 0.73136 vs 0.73136
6. 03_metrics,box_map50_95.baseline_range,PASS,sai lệch lớn nhất 6.25e-17 tại chỉ số 0: 0.06173000000000006 vs 0.06173
6. 03_metrics,box_map50_95.baseline_best_seed,PASS,
6. 03_metrics,box_map50_95.baseline_worst_seed,PASS,
6. 03_metrics,box_map50_95.tsvm_mean,PASS,sai lệch lớn nhất 0 tại chỉ số 0: 0.728522 vs 0.728522
6. 03_metrics,box_map50_95.tsvm_std,PASS,sai lệch lớn nhất 6.25e-17 tại chỉ số 0: 0.014099877698445163 vs 0.0140998776984451
6. 03_metrics,box_map50_95.tsvm_min,PASS,sai lệch lớn nhất 0 tại chỉ số 0: 0.69919 vs 0.69919
6. 03_metrics,box_map50_95.tsvm_max,PASS,sai lệch lớn nhất 0 tại chỉ số 0: 0.74407 vs 0.74407
6. 03_metrics,box_map50_95.tsvm_median,PASS,sai lệch lớn nhất 0 tại chỉ số 0: 0.731395 vs 0.731395
6. 03_metrics,box_map50_95.tsvm_range,PASS,sai lệch lớn nhất 2.78e-17 tại chỉ số 0: 0.04488000000000003 vs 0.04488
6. 03_metrics,box_map50_95.tsvm_best_seed,PASS,
6. 03_metrics,box_map50_95.tsvm_worst_seed,PASS,
6. 03_metrics,box_map50_95.delta,PASS,sai lệch lớn nhất 7.2e-17 tại chỉ số 0: 0.002330999999999972 vs 0.0023309999999999
6. 03_metrics,box_map50_95.percent_change,PASS,sai lệch lớn nhất 0 tại chỉ số 0: 0.3209899324007006 vs 0.3209899324007006
6. 03_metrics,box_map50_95.tsvm_wins_seeds,PASS,6 vs 6
6. 03_metrics,box_map50_95.baseline_wins_seeds,PASS,
6. 03_metrics,box_map50_95.ties_seeds,PASS,
6. 03_metrics,box_map50_95.paired_ttest_stat,PASS,sai lệch lớn nhất 0 tại chỉ số 0: 0.376605401422034 vs 0.376605401422034
6. 03_metrics,box_map50_95.p_value_ttest,PASS,sai lệch lớn nhất 0 tại chỉ số 0: 0.7151923016358676 vs 0.7151923016358676
6. 03_metrics,box_map50_95.wilcoxon_stat,PASS,sai lệch lớn nhất 0 tại chỉ số 0: 20.0 vs 20.0
6. 03_metrics,box_map50_95.p_value_wilcoxon,PASS,sai lệch lớn nhất 0 tại chỉ số 0: 0.4921875 vs 0.4921875
6. 03_metrics,box_map50: tên metric khớp,PASS,
6. 03_metrics,box_map50.baseline_mean,PASS,sai lệch lớn nhất 0 tại chỉ số 0: 0.90105 vs 0.90105
6. 03_metrics,box_map50.baseline_std,PASS,sai lệch lớn nhất 9.02e-17 tại chỉ số 0: 0.011645383443904091 vs 0.011645383443904
6. 03_metrics,box_map50.baseline_min,PASS,sai lệch lớn nhất 0 tại chỉ số 0: 0.87766 vs 0.87766
6. 03_metrics,box_map50.baseline_max,PASS,sai lệch lớn nhất 0 tại chỉ số 0: 0.91891 vs 0.91891
6. 03_metrics,box_map50.baseline_median,PASS,sai lệch lớn nhất 0 tại chỉ số 0: 0.90152 vs 0.90152
6. 03_metrics,box_map50.baseline_range,PASS,sai lệch lớn nhất 6.94e-18 tại chỉ số 0: 0.04125000000000001 vs 0.04125
6. 03_metrics,box_map50.baseline_best_seed,PASS,
6. 03_metrics,box_map50.baseline_worst_seed,PASS,
6. 03_metrics,box_map50.tsvm_mean,PASS,sai lệch lớn nhất 0 tại chỉ số 0: 0.9006139999999998 vs 0.9006139999999998
6. 03_metrics,box_map50.tsvm_std,PASS,sai lệch lớn nhất 3.3e-17 tại chỉ số 0: 0.009028745698539132 vs 0.0090287456985391
6. 03_metrics,box_map50.tsvm_min,PASS,sai lệch lớn nhất 0 tại chỉ số 0: 0.88458 vs 0.88458
6. 03_metrics,box_map50.tsvm_max,PASS,sai lệch lớn nhất 0 tại chỉ số 0: 0.9113 vs 0.9113
6. 03_metrics,box_map50.tsvm_median,PASS,sai lệch lớn nhất 1.11e-16 tại chỉ số 0: 0.9011199999999999 vs 0.90112
6. 03_metrics,box_map50.tsvm_range,PASS,sai lệch lớn nhất 6.59e-17 tại chỉ số 0: 0.026719999999999966 vs 0.0267199999999999
6. 03_metrics,box_map50.tsvm_best_seed,PASS,
6. 03_metrics,box_map50.tsvm_worst_seed,PASS,
6. 03_metrics,box_map50.delta,PASS,sai lệch lớn nhất 1.4e-17 tại chỉ số 0: -0.000436000000000214 vs -0.0004360000000002
6. 03_metrics,box_map50.percent_change,PASS,sai lệch lớn nhất 4.16e-17 tại chỉ số 0: -0.04838799178738294 vs -0.0483879917873829
6. 03_metrics,box_map50.tsvm_wins_seeds,PASS,5 vs 5
6. 03_metrics,box_map50.baseline_wins_seeds,PASS,
6. 03_metrics,box_map50.ties_seeds,PASS,
6. 03_metrics,box_map50.paired_ttest_stat,PASS,sai lệch lớn nhất 5.55e-17 tại chỉ số 0: -0.08593615439831766 vs -0.0859361543983176
6. 03_metrics,box_map50.p_value_ttest,PASS,sai lệch lớn nhất 1.11e-16 tại chỉ số 0: 0.9333986181752305 vs 0.9333986181752304
6. 03_metrics,box_map50.wilcoxon_stat,PASS,sai lệch lớn nhất 0 tại chỉ số 0: 25.0 vs 25.0
6. 03_metrics,box_map50.p_value_wilcoxon,PASS,sai lệch lớn nhất 0 tại chỉ số 0: 0.845703125 vs 0.845703125
6. 03_metrics,box_precision: tên metric khớp,PASS,
6. 03_metrics,box_precision.baseline_mean,PASS,sai lệch lớn nhất 0 tại chỉ số 0: 0.899239 vs 0.899239
6. 03_metrics,box_precision.baseline_std,PASS,sai lệch lớn nhất 8.33e-17 tại chỉ số 0: 0.03260266193971828 vs 0.0326026619397182
6. 03_metrics,box_precision.baseline_min,PASS,sai lệch lớn nhất 0 tại chỉ số 0: 0.84923 vs 0.84923
6. 03_metrics,box_precision.baseline_max,PASS,sai lệch lớn nhất 0 tại chỉ số 0: 0.95352 vs 0.95352
6. 03_metrics,box_precision.baseline_median,PASS,sai lệch lớn nhất 0 tại chỉ số 0: 0.900025 vs 0.900025
6. 03_metrics,box_precision.baseline_range,PASS,sai lệch lớn nhất 0 tại chỉ số 0: 0.10429 vs 0.10429
6. 03_metrics,box_precision.baseline_best_seed,PASS,
6. 03_metrics,box_precision.baseline_worst_seed,PASS,
6. 03_metrics,box_precision.tsvm_mean,PASS,sai lệch lớn nhất 0 tại chỉ số 0: 0.906244 vs 0.906244
6. 03_metrics,box_precision.tsvm_std,PASS,sai lệch lớn nhất 1.04e-17 tại chỉ số 0: 0.02507231150979991 vs 0.0250723115097999
6. 03_metrics,box_precision.tsvm_min,PASS,sai lệch lớn nhất 0 tại chỉ số 0: 0.85949 vs 0.85949
6. 03_metrics,box_precision.tsvm_max,PASS,sai lệch lớn nhất 0 tại chỉ số 0: 0.94368 vs 0.94368
6. 03_metrics,box_precision.tsvm_median,PASS,sai lệch lớn nhất 0 tại chỉ số 0: 0.908165 vs 0.908165
6. 03_metrics,box_precision.tsvm_range,PASS,sai lệch lớn nhất 8.33e-17 tại chỉ số 0: 0.08418999999999999 vs 0.0841899999999999
6. 03_metrics,box_precision.tsvm_best_seed,PASS,
6. 03_metrics,box_precision.tsvm_worst_seed,PASS,
6. 03_metrics,box_precision.delta,PASS,sai lệch lớn nhất 3.9e-17 tại chỉ số 0: 0.007005000000000039 vs 0.007005
6. 03_metrics,box_precision.percent_change,PASS,sai lệch lớn nhất 0 tại chỉ số 0: 0.7789920143588122 vs 0.7789920143588122
6. 03_metrics,box_precision.tsvm_wins_seeds,PASS,5 vs 5
6. 03_metrics,box_precision.baseline_wins_seeds,PASS,
6. 03_metrics,box_precision.ties_seeds,PASS,
6. 03_metrics,box_precision.paired_ttest_stat,PASS,sai lệch lớn nhất 0 tại chỉ số 0: 0.5554589278704338 vs 0.5554589278704338
6. 03_metrics,box_precision.p_value_ttest,PASS,sai lệch lớn nhất 0 tại chỉ số 0: 0.5921175981212305 vs 0.5921175981212305
6. 03_metrics,box_precision.wilcoxon_stat,PASS,sai lệch lớn nhất 0 tại chỉ số 0: 20.0 vs 20.0
6. 03_metrics,box_precision.p_value_wilcoxon,PASS,sai lệch lớn nhất 0 tại chỉ số 0: 0.4921875 vs 0.4921875
6. 03_metrics,box_recall: tên metric khớp,PASS,
6. 03_metrics,box_recall.baseline_mean,PASS,sai lệch lớn nhất 0 tại chỉ số 0: 0.843439 vs 0.843439
6. 03_metrics,box_recall.baseline_std,PASS,sai lệch lớn nhất 6.94e-18 tại chỉ số 0: 0.03372546365713731 vs 0.0337254636571373
6. 03_metrics,box_recall.baseline_min,PASS,sai lệch lớn nhất 0 tại chỉ số 0: 0.77165 vs 0.77165
6. 03_metrics,box_recall.baseline_max,PASS,sai lệch lớn nhất 0 tại chỉ số 0: 0.88706 vs 0.88706
6. 03_metrics,box_recall.baseline_median,PASS,sai lệch lớn nhất 0 tại chỉ số 0: 0.844865 vs 0.844865
6. 03_metrics,box_recall.baseline_range,PASS,sai lệch lớn nhất 1.39e-17 tại chỉ số 0: 0.11541000000000001 vs 0.11541
6. 03_metrics,box_recall.baseline_best_seed,PASS,
6. 03_metrics,box_recall.baseline_worst_seed,PASS,
6. 03_metrics,box_recall.tsvm_mean,PASS,sai lệch lớn nhất 0 tại chỉ số 0: 0.8567450000000001 vs 0.8567450000000001
6. 03_metrics,box_recall.tsvm_std,PASS,sai lệch lớn nhất 3.82e-17 tại chỉ số 0: 0.015227826320405839 vs 0.0152278263204058
6. 03_metrics,box_recall.tsvm_min,PASS,sai lệch lớn nhất 0 tại chỉ số 0: 0.83465 vs 0.83465
6. 03_metrics,box_recall.tsvm_max,PASS,sai lệch lớn nhất 0 tại chỉ số 0: 0.87785 vs 0.87785
6. 03_metrics,box_recall.tsvm_median,PASS,sai lệch lớn nhất 0 tại chỉ số 0: 0.855035 vs 0.855035
6. 03_metrics,box_recall.tsvm_range,PASS,sai lệch lớn nhất 1.39e-17 tại chỉ số 0: 0.043200000000000016 vs 0.0432
6. 03_metrics,box_recall.tsvm_best_seed,PASS,
6. 03_metrics,box_recall.tsvm_worst_seed,PASS,
6. 03_metrics,box_recall.delta,PASS,sai lệch lớn nhất 3.99e-17 tại chỉ số 0: 0.01330600000000004 vs 0.013306
6. 03_metrics,box_recall.percent_change,PASS,sai lệch lớn nhất 0 tại chỉ số 0: 1.5775888949882613 vs 1.5775888949882613
6. 03_metrics,box_recall.tsvm_wins_seeds,PASS,6 vs 6
6. 03_metrics,box_recall.baseline_wins_seeds,PASS,
6. 03_metrics,box_recall.ties_seeds,PASS,
6. 03_metrics,box_recall.paired_ttest_stat,PASS,sai lệch lớn nhất 0 tại chỉ số 0: 1.1823689648362197 vs 1.1823689648362197
6. 03_metrics,box_recall.p_value_ttest,PASS,sai lệch lớn nhất 5.55e-17 tại chỉ số 0: 0.26735403177499345 vs 0.2673540317749934
6. 03_metrics,box_recall.wilcoxon_stat,PASS,sai lệch lớn nhất 0 tại chỉ số 0: 16.0 vs 16.0
6. 03_metrics,box_recall.p_value_wilcoxon,PASS,sai lệch lớn nhất 0 tại chỉ số 0: 0.275390625 vs 0.275390625
6. 03_metrics,val_seg_loss: tên metric khớp,PASS,
6. 03_metrics,val_seg_loss.baseline_mean,PASS,sai lệch lớn nhất 0 tại chỉ số 0: 1.3045449999999998 vs 1.3045449999999998
6. 03_metrics,val_seg_loss.baseline_std,PASS,sai lệch lớn nhất 8.33e-17 tại chỉ số 0: 0.08666393242481749 vs 0.0866639324248174
6. 03_metrics,val_seg_loss.baseline_min,PASS,sai lệch lớn nhất 0 tại chỉ số 0: 1.20219 vs 1.20219
6. 03_metrics,val_seg_loss.baseline_max,PASS,sai lệch lớn nhất 0 tại chỉ số 0: 1.45007 vs 1.45007
6. 03_metrics,val_seg_loss.baseline_median,PASS,sai lệch lớn nhất 0 tại chỉ số 0: 1.283455 vs 1.283455
6. 03_metrics,val_seg_loss.baseline_range,PASS,sai lệch lớn nhất 8.33e-17 tại chỉ số 0: 0.24787999999999988 vs 0.2478799999999998
6. 03_metrics,val_seg_loss.baseline_best_seed,PASS,
6. 03_metrics,val_seg_loss.baseline_worst_seed,PASS,
6. 03_metrics,val_seg_loss.tsvm_mean,PASS,sai lệch lớn nhất 0 tại chỉ số 0: 1.242387 vs 1.242387
6. 03_metrics,val_seg_loss.tsvm_std,PASS,sai lệch lớn nhất 2.08e-17 tại chỉ số 0: 0.03866712759782742 vs 0.0386671275978274
6. 03_metrics,val_seg_loss.tsvm_min,PASS,sai lệch lớn nhất 0 tại chỉ số 0: 1.17774 vs 1.17774
6. 03_metrics,val_seg_loss.tsvm_max,PASS,sai lệch lớn nhất 0 tại chỉ số 0: 1.30203 vs 1.30203
6. 03_metrics,val_seg_loss.tsvm_median,PASS,sai lệch lớn nhất 0 tại chỉ số 0: 1.242185 vs 1.242185
6. 03_metrics,val_seg_loss.tsvm_range,PASS,sai lệch lớn nhất 1.39e-17 tại chỉ số 0: 0.12429000000000001 vs 0.12429
6. 03_metrics,val_seg_loss.tsvm_best_seed,PASS,
6. 03_metrics,val_seg_loss.tsvm_worst_seed,PASS,
6. 03_metrics,val_seg_loss.delta,PASS,sai lệch lớn nhất 3.47e-17 tại chỉ số 0: -0.062157999999999936 vs -0.0621579999999999
6. 03_metrics,val_seg_loss.percent_change,PASS,sai lệch lớn nhất 0 tại chỉ số 0: -4.764726398859368 vs -4.764726398859368
6. 03_metrics,val_seg_loss.tsvm_wins_seeds,PASS,8 vs 8
6. 03_metrics,val_seg_loss.baseline_wins_seeds,PASS,
6. 03_metrics,val_seg_loss.ties_seeds,PASS,
6. 03_metrics,val_seg_loss.paired_ttest_stat,PASS,sai lệch lớn nhất 0 tại chỉ số 0: -1.8938768946197329 vs -1.8938768946197329
6. 03_metrics,val_seg_loss.p_value_ttest,PASS,sai lệch lớn nhất 4.16e-17 tại chỉ số 0: 0.09077221396066194 vs 0.0907722139606619
6. 03_metrics,val_seg_loss.wilcoxon_stat,PASS,sai lệch lớn nhất 0 tại chỉ số 0: 10.0 vs 10.0
6. 03_metrics,val_seg_loss.p_value_wilcoxon,PASS,sai lệch lớn nhất 0 tại chỉ số 0: 0.083984375 vs 0.083984375
6. 03_metrics,val_box_loss: tên metric khớp,PASS,
6. 03_metrics,val_box_loss.baseline_mean,PASS,sai lệch lớn nhất 0 tại chỉ số 0: 0.723946 vs 0.723946
6. 03_metrics,val_box_loss.baseline_std,PASS,sai lệch lớn nhất 6.94e-18 tại chỉ số 0: 0.04338843553042421 vs 0.0433884355304242
6. 03_metrics,val_box_loss.baseline_min,PASS,sai lệch lớn nhất 0 tại chỉ số 0: 0.66545 vs 0.66545
6. 03_metrics,val_box_loss.baseline_max,PASS,sai lệch lớn nhất 0 tại chỉ số 0: 0.80078 vs 0.80078
6. 03_metrics,val_box_loss.baseline_median,PASS,sai lệch lớn nhất 0 tại chỉ số 0: 0.713855 vs 0.713855
6. 03_metrics,val_box_loss.baseline_range,PASS,sai lệch lớn nhất 5.55e-17 tại chỉ số 0: 0.13533000000000006 vs 0.13533
6. 03_metrics,val_box_loss.baseline_best_seed,PASS,
6. 03_metrics,val_box_loss.baseline_worst_seed,PASS,
6. 03_metrics,val_box_loss.tsvm_mean,PASS,sai lệch lớn nhất 0 tại chỉ số 0: 0.730508 vs 0.730508
6. 03_metrics,val_box_loss.tsvm_std,PASS,sai lệch lớn nhất 6.94e-18 tại chỉ số 0: 0.03987114852176251 vs 0.0398711485217625
6. 03_metrics,val_box_loss.tsvm_min,PASS,sai lệch lớn nhất 0 tại chỉ số 0: 0.67509 vs 0.67509
6. 03_metrics,val_box_loss.tsvm_max,PASS,sai lệch lớn nhất 0 tại chỉ số 0: 0.79314 vs 0.79314
6. 03_metrics,val_box_loss.tsvm_median,PASS,sai lệch lớn nhất 0 tại chỉ số 0: 0.740515 vs 0.740515
6. 03_metrics,val_box_loss.tsvm_range,PASS,sai lệch lớn nhất 8.33e-17 tại chỉ số 0: 0.11804999999999999 vs 0.1180499999999999
6. 03_metrics,val_box_loss.tsvm_best_seed,PASS,
6. 03_metrics,val_box_loss.tsvm_worst_seed,PASS,
6. 03_metrics,val_box_loss.delta,PASS,sai lệch lớn nhất 6.77e-17 tại chỉ số 0: 0.006562000000000068 vs 0.006562
6. 03_metrics,val_box_loss.percent_change,PASS,sai lệch lớn nhất 1.11e-16 tại chỉ số 0: 0.9064211971611237 vs 0.9064211971611236
6. 03_metrics,val_box_loss.tsvm_wins_seeds,PASS,6 vs 6
6. 03_metrics,val_box_loss.baseline_wins_seeds,PASS,
6. 03_metrics,val_box_loss.ties_seeds,PASS,
6. 03_metrics,val_box_loss.paired_ttest_stat,PASS,sai lệch lớn nhất 0 tại chỉ số 0: 0.3967434203392588 vs 0.3967434203392588
6. 03_metrics,val_box_loss.p_value_ttest,PASS,sai lệch lớn nhất 0 tại chỉ số 0: 0.7007999165127855 vs 0.7007999165127855
6. 03_metrics,val_box_loss.wilcoxon_stat,PASS,sai lệch lớn nhất 0 tại chỉ số 0: 25.0 vs 25.0
6. 03_metrics,val_box_loss.p_value_wilcoxon,PASS,sai lệch lớn nhất 0 tại chỉ số 0: 0.845703125 vs 0.845703125
6. 03_metrics,val_cls_loss: tên metric khớp,PASS,
6. 03_metrics,val_cls_loss.baseline_mean,PASS,sai lệch lớn nhất 0 tại chỉ số 0: 0.5590759999999999 vs 0.5590759999999999
6. 03_metrics,val_cls_loss.baseline_std,PASS,sai lệch lớn nhất 5.55e-17 tại chỉ số 0: 0.06354829470568035 vs 0.0635482947056803
6. 03_metrics,val_cls_loss.baseline_min,PASS,sai lệch lớn nhất 0 tại chỉ số 0: 0.49582 vs 0.49582
6. 03_metrics,val_cls_loss.baseline_max,PASS,sai lệch lớn nhất 0 tại chỉ số 0: 0.67022 vs 0.67022
6. 03_metrics,val_cls_loss.baseline_median,PASS,sai lệch lớn nhất 0 tại chỉ số 0: 0.537275 vs 0.537275
6. 03_metrics,val_cls_loss.baseline_range,PASS,sai lệch lớn nhất 5.55e-17 tại chỉ số 0: 0.17440000000000005 vs 0.1744
6. 03_metrics,val_cls_loss.baseline_best_seed,PASS,
6. 03_metrics,val_cls_loss.baseline_worst_seed,PASS,
6. 03_metrics,val_cls_loss.tsvm_mean,PASS,sai lệch lớn nhất 0 tại chỉ số 0: 0.614813 vs 0.614813
6. 03_metrics,val_cls_loss.tsvm_std,PASS,sai lệch lớn nhất 4.16e-17 tại chỉ số 0: 0.08835353882744784 vs 0.0883535388274478
6. 03_metrics,val_cls_loss.tsvm_min,PASS,sai lệch lớn nhất 0 tại chỉ số 0: 0.53301 vs 0.53301
6. 03_metrics,val_cls_loss.tsvm_max,PASS,sai lệch lớn nhất 0 tại chỉ số 0: 0.83094 vs 0.83094
6. 03_metrics,val_cls_loss.tsvm_median,PASS,sai lệch lớn nhất 0 tại chỉ số 0: 0.58341 vs 0.58341
6. 03_metrics,val_cls_loss.tsvm_range,PASS,sai lệch lớn nhất 5.55e-17 tại chỉ số 0: 0.29793000000000003 vs 0.29793
6. 03_metrics,val_cls_loss.tsvm_best_seed,PASS,
6. 03_metrics,val_cls_loss.tsvm_worst_seed,PASS,
6. 03_metrics,val_cls_loss.delta,PASS,sai lệch lớn nhất 4.86e-17 tại chỉ số 0: 0.05573700000000015 vs 0.0557370000000001
6. 03_metrics,val_cls_loss.percent_change,PASS,sai lệch lớn nhất 1.78e-15 tại chỉ số 0: 9.969485365138219 vs 9.96948536513822
6. 03_metrics,val_cls_loss.tsvm_wins_seeds,PASS,2 vs 2
6. 03_metrics,val_cls_loss.baseline_wins_seeds,PASS,
6. 03_metrics,val_cls_loss.ties_seeds,PASS,
6. 03_metrics,val_cls_loss.paired_ttest_stat,PASS,sai lệch lớn nhất 0 tại chỉ số 0: 1.869787011000461 vs 1.869787011000461
6. 03_metrics,val_cls_loss.p_value_ttest,PASS,sai lệch lớn nhất 6.94e-17 tại chỉ số 0: 0.09433063005425536 vs 0.0943306300542553
6. 03_metrics,val_cls_loss.wilcoxon_stat,PASS,sai lệch lớn nhất 0 tại chỉ số 0: 10.0 vs 10.0
6. 03_metrics,val_cls_loss.p_value_wilcoxon,PASS,sai lệch lớn nhất 0 tại chỉ số 0: 0.083984375 vs 0.083984375
6. 03_metrics,val_l1_loss: tên metric khớp,PASS,
6. 03_metrics,val_l1_loss.baseline_mean,PASS,sai lệch lớn nhất 9.71e-17 tại chỉ số 0: 0.016378999999999998 vs 0.0163789999999999
6. 03_metrics,val_l1_loss.baseline_std,PASS,sai lệch lớn nhất 5.29e-17 tại chỉ số 0: 0.0012001708211750528 vs 0.001200170821175
6. 03_metrics,val_l1_loss.baseline_min,PASS,sai lệch lớn nhất 0 tại chỉ số 0: 0.01473 vs 0.01473
6. 03_metrics,val_l1_loss.baseline_max,PASS,sai lệch lớn nhất 0 tại chỉ số 0: 0.01854 vs 0.01854
6. 03_metrics,val_l1_loss.baseline_median,PASS,sai lệch lớn nhất 9.71e-17 tại chỉ số 0: 0.016149999999999998 vs 0.0161499999999999
6. 03_metrics,val_l1_loss.baseline_range,PASS,sai lệch lớn nhất 8.67e-19 tại chỉ số 0: 0.003810000000000001 vs 0.00381
6. 03_metrics,val_l1_loss.baseline_best_seed,PASS,
6. 03_metrics,val_l1_loss.baseline_worst_seed,PASS,
6. 03_metrics,val_l1_loss.tsvm_mean,PASS,sai lệch lớn nhất 0 tại chỉ số 0: 0.016212 vs 0.016212
6. 03_metrics,val_l1_loss.tsvm_std,PASS,sai lệch lớn nhất 5.53e-18 tại chỉ số 0: 0.0008862254541343055 vs 0.0008862254541343
6. 03_metrics,val_l1_loss.tsvm_min,PASS,sai lệch lớn nhất 0 tại chỉ số 0: 0.01506 vs 0.01506
6. 03_metrics,val_l1_loss.tsvm_max,PASS,sai lệch lớn nhất 0 tại chỉ số 0: 0.01752 vs 0.01752
6. 03_metrics,val_l1_loss.tsvm_median,PASS,sai lệch lớn nhất 0 tại chỉ số 0: 0.016325 vs 0.016325
6. 03_metrics,val_l1_loss.tsvm_range,PASS,sai lệch lớn nhất 4.34e-19 tại chỉ số 0: 0.0024600000000000004 vs 0.00246
6. 03_metrics,val_l1_loss.tsvm_best_seed,PASS,
6. 03_metrics,val_l1_loss.tsvm_worst_seed,PASS,
6. 03_metrics,val_l1_loss.delta,PASS,sai lệch lớn nhất 9.7e-17 tại chỉ số 0: -0.000166999999999997 vs -0.0001669999999999
6. 03_metrics,val_l1_loss.percent_change,PASS,sai lệch lớn nhất 0 tại chỉ số 0: -1.0195982660723917 vs -1.0195982660723917
6. 03_metrics,val_l1_loss.tsvm_wins_seeds,PASS,6 vs 6
6. 03_metrics,val_l1_loss.baseline_wins_seeds,PASS,
6. 03_metrics,val_l1_loss.ties_seeds,PASS,
6. 03_metrics,val_l1_loss.paired_ttest_stat,PASS,sai lệch lớn nhất 0 tại chỉ số 0: -0.3985993018273692 vs -0.3985993018273692
6. 03_metrics,val_l1_loss.p_value_ttest,PASS,sai lệch lớn nhất 0 tại chỉ số 0: 0.6994797566040796 vs 0.6994797566040796
6. 03_metrics,val_l1_loss.wilcoxon_stat,PASS,sai lệch lớn nhất 0 tại chỉ số 0: 24.0 vs 24.0
6. 03_metrics,val_l1_loss.p_value_wilcoxon,PASS,sai lệch lớn nhất 0 tại chỉ số 0: 0.76953125 vs 0.76953125
7. CM,Baseline: TP + FN = 127,PASS,
7. CM,Baseline: FP + TN = 40,PASS,
7. CM,Baseline: TP_rate_%,PASS,sai lệch lớn nhất 0 tại chỉ số 0: 87.4015748031496 vs 87.4015748031496
7. CM,Baseline: FP_rate_%,PASS,sai lệch lớn nhất 0 tại chỉ số 0: 45.0 vs 45.0
7. CM,TSVM: TP + FN = 127,PASS,
7. CM,TSVM: FP + TN = 40,PASS,
7. CM,TSVM: TP_rate_%,PASS,sai lệch lớn nhất 0 tại chỉ số 0: 85.03937007874016 vs 85.03937007874016
7. CM,TSVM: FP_rate_%,PASS,sai lệch lớn nhất 0 tại chỉ số 0: 20.0 vs 20.0
7. CM,"CẢNH BÁO: cột TN == 40 − FP (số tái dựng, KHÔNG phải số đo của Ultralytics)",PASS,"Nếu đúng, mọi báo cáo phải nêu đây là số suy dựng"
7. CM,baseline_cm_mean_count: TP,PASS,sai lệch lớn nhất 0 tại chỉ số 0: 110.3 vs 110.3
7. CM,baseline_cm_mean_count: FN,PASS,sai lệch lớn nhất 0 tại chỉ số 0: 16.7 vs 16.7
7. CM,baseline_cm_mean_count: FP,PASS,sai lệch lớn nhất 0 tại chỉ số 0: 16.8 vs 16.8
7. CM,baseline_cm_mean_count: TN,PASS,sai lệch lớn nhất 0 tại chỉ số 0: 23.2 vs 23.2
7. CM,tsvm_cm_mean_count: TP,PASS,sai lệch lớn nhất 0 tại chỉ số 0: 111.2 vs 111.2
7. CM,tsvm_cm_mean_count: FN,PASS,sai lệch lớn nhất 0 tại chỉ số 0: 15.8 vs 15.8
7. CM,tsvm_cm_mean_count: FP,PASS,sai lệch lớn nhất 0 tại chỉ số 0: 14.6 vs 14.6
7. CM,tsvm_cm_mean_count: TN,PASS,sai lệch lớn nhất 0 tại chỉ số 0: 25.4 vs 25.4
8. alt,bg20_all_seeds_metrics.mask_mAP50_95,PASS,sai lệch lớn nhất 0 tại chỉ số 0: 0.73663 vs 0.73663
8. alt,bg20_all_seeds_metrics.mask_mAP50,PASS,sai lệch lớn nhất 0 tại chỉ số 0: 0.91363 vs 0.91363
8. alt,bg20_all_seeds_metrics.mask_precision,PASS,sai lệch lớn nhất 0 tại chỉ số 0: 0.95352 vs 0.95352
8. alt,bg20_all_seeds_metrics.mask_recall,PASS,sai lệch lớn nhất 0 tại chỉ số 0: 0.8189 vs 0.8189
8. alt,bg20_all_seeds_metrics.box_mAP50_95,PASS,sai lệch lớn nhất 0 tại chỉ số 0: 0.75226 vs 0.75226
8. alt,bg20_all_seeds_metrics.box_precision,PASS,sai lệch lớn nhất 0 tại chỉ số 0: 0.95352 vs 0.95352
8. alt,bg20_all_seeds_metrics.box_recall,PASS,sai lệch lớn nhất 0 tại chỉ số 0: 0.8189 vs 0.8189
8. alt,bg20_all_seeds_metrics.val_seg_loss,PASS,sai lệch lớn nhất 0 tại chỉ số 0: 1.34116 vs 1.34116
