file,line,duong_dan,nguyen_nhan,goi_y
doc\historical\05_KET_QUA_MAP_VA_DO_ON_DINH_SEED.md,43,archive/KQ_Nen_DX_10seed/02_statistics,tệp ở cấp archive/ không tồn tại,
doc\historical\05_KET_QUA_MAP_VA_DO_ON_DINH_SEED.md,55,archive/KQ_Nen_DX_10seed/05_charts/distribution/08_boxplot_mask_map50_95.png,tệp ở cấp archive/ không tồn tại,
doc\historical\05_KET_QUA_MAP_VA_DO_ON_DINH_SEED.md,56,archive/KQ_Nen_DX_10seed/05_charts/stability/06_seed_mask_map50_95_trends.png,tệp ở cấp archive/ không tồn tại,
doc\historical\05_KET_QUA_MAP_VA_DO_ON_DINH_SEED.md,57,archive/KQ_Nen_DX_10seed/05_charts/distribution/09_histogram_kde_mask_map50_95.png,tệp ở cấp archive/ không tồn tại,
doc\historical\thuc_nghiem_6fold_5mo_hinh\02_KET_QUA_THUC_NGHIEM_VA_DOI_CHIEU.md,86,archive/KQ_Nen_DX_10seed,tệp ở cấp archive/ không tồn tại,archive/Ket_Qua_V2/KQ_Nen_DX_10seed
doc\historical\thuc_nghiem_6fold_5mo_hinh\BAO_CAO_TIEN_DO_TUAN_HOAN_CHINH.md,104,archive/KQ_DoiXung/Base%20vs%20Topolo/summary_mean_std_2models.csv,tệp ở cấp archive/ không tồn tại,
doc\historical\thuc_nghiem_6fold_5mo_hinh\BAO_CAO_TIEN_DO_TUAN_HOAN_CHINH.md,104,archive/KQ_DoiXung/Base,tệp ở cấp archive/ không tồn tại,
doc\historical\thuc_nghiem_6fold_5mo_hinh\BAO_CAO_TIEN_DO_TUAN_HOAN_CHINH.md,105,archive/KQ_DoiXung/Base%20vs%20Topolo/summary_models_2rows.csv,tệp ở cấp archive/ không tồn tại,
doc\historical\thuc_nghiem_6fold_5mo_hinh\BAO_CAO_TIEN_DO_TUAN_HOAN_CHINH.md,191,archive/KQ_DoiXung,tệp ở cấp archive/ không tồn tại,archive/Ket_Qua_V2/KQ_Nen_DX_10seed
doc\historical\thuc_nghiem_6fold_5mo_hinh\BAO_CAO_TIEN_DO_TUAN_HOAN_CHINH.md,193,archive/KQ_DoiXung/Base%20vs%20Topolo/01_loss_curves_comparison.png,tệp ở cấp archive/ không tồn tại,
doc\historical\thuc_nghiem_6fold_5mo_hinh\BAO_CAO_TIEN_DO_TUAN_HOAN_CHINH.md,194,archive/KQ_DoiXung/Base%20vs%20Topolo/02_metric_curves_mAP_comparison.png,tệp ở cấp archive/ không tồn tại,
doc\historical\thuc_nghiem_6fold_5mo_hinh\BAO_CAO_TIEN_DO_TUAN_HOAN_CHINH.md,195,archive/KQ_DoiXung/Base%20vs%20Topolo/03_precision_recall_dynamics.png,tệp ở cấp archive/ không tồn tại,
doc\historical\thuc_nghiem_6fold_5mo_hinh\BAO_CAO_TIEN_DO_TUAN_HOAN_CHINH.md,196,archive/KQ_DoiXung/Base%20vs%20Topolo/04_overall_benchmark_barchart.png,tệp ở cấp archive/ không tồn tại,
doc\historical\thuc_nghiem_6fold_5mo_hinh\BAO_CAO_TIEN_DO_TUAN_HOAN_CHINH.md,197,archive/KQ_DoiXung/Base%20vs%20Topolo/05_fold_by_fold_comparison.png,tệp ở cấp archive/ không tồn tại,
doc\historical\thuc_nghiem_6fold_5mo_hinh\BAO_CAO_TIEN_DO_TUAN_HOAN_CHINH.md,198,archive/KQ_DoiXung/Base%20vs%20Topolo/06_radar_chart_tradeoff.png,tệp ở cấp archive/ không tồn tại,
doc\historical\thuc_nghiem_6fold_5mo_hinh\BAO_CAO_TIEN_DO_TUAN_HOAN_CHINH.md,199,archive/KQ_DoiXung/Base%20vs%20Topolo/07_qualitative_prediction_comparison.png,tệp ở cấp archive/ không tồn tại,
doc\historical\thuc_nghiem_6fold_5mo_hinh\BAO_CAO_TIEN_DO_TUAN_HOAN_CHINH.md,200,archive/KQ_DoiXung/Base%20vs%20Topolo/08_confusion_matrix_side_by_side.png,tệp ở cấp archive/ không tồn tại,
doc\historical\thuc_nghiem_6fold_5mo_hinh\BAO_CAO_TIEN_DO_TUAN_HOAN_CHINH.md,201,archive/KQ_DoiXung/Base%20vs%20Topolo/09_mask_pr_curve_side_by_side.png,tệp ở cấp archive/ không tồn tại,
