metric_key,metric_name,baseline_mean,baseline_std,baseline_min,baseline_max,baseline_median,baseline_range,baseline_best_seed,baseline_worst_seed,tsvm_mean,tsvm_std,tsvm_min,tsvm_max,tsvm_median,tsvm_range,tsvm_best_seed,tsvm_worst_seed,delta_tsvm_minus_baseline,percent_change,tsvm_wins_seeds,baseline_wins_seeds,ties_seeds,paired_ttest_stat,p_value_ttest,wilcoxon_stat,p_value_wilcoxon,statistically_significant_005
mask_map50_95,Mask mAP@50-95,0.7210289999999999,0.012854317432935393,0.69411,0.73663,0.720885,0.04252,0,3,0.7245790000000001,0.007755427418553049,0.7065,0.73385,0.7256400000000001,0.027349999999999985,8,7,0.003550000000000164,0.49235190262807244,6,4,0,0.9152699937958194,0.3839172024055718,19.0,0.431640625,False
mask_map50,Mask mAP@50,0.911863,0.010662283526524707,0.89517,0.93188,0.908825,0.03671000000000002,8,1,0.9062159999999999,0.008220198970287217,0.89027,0.91663,0.9068050000000001,0.02635999999999994,9,7,-0.005647000000000069,-0.6192816245422907,3,7,0,-1.2956759872145192,0.2273295311410982,16.0,0.275390625,False
mask_precision,Mask Precision,0.9022780000000001,0.0338993837374336,0.85328,0.95352,0.904865,0.10024,0,1,0.9117689999999999,0.024596366240203494,0.85949,0.94368,0.9204,0.08418999999999999,1,7,0.009490999999999805,1.0518930972493847,5,5,0,0.6325524540345879,0.5427604396784284,22.0,0.625,False
mask_recall,Mask Recall,0.85836,0.02517057144100361,0.8189,0.89493,0.857495,0.07603000000000004,9,0,0.8624980000000001,0.01731844411795316,0.83767,0.89093,0.862205,0.053259999999999974,3,2,0.004138000000000086,0.48208211007037677,6,4,0,0.5576632159732396,0.5906731925283901,22.0,0.625,False
box_map50_95,Box mAP@50-95,0.726191,0.01975202855967515,0.69053,0.75226,0.73136,0.06173000000000006,0,3,0.728522,0.014099877698445163,0.69919,0.74407,0.731395,0.04488000000000003,1,7,0.002330999999999972,0.3209899324007006,6,4,0,0.376605401422034,0.7151923016358676,20.0,0.4921875,False
box_map50,Box mAP@50,0.90105,0.011645383443904091,0.87766,0.91891,0.90152,0.04125000000000001,5,1,0.9006139999999998,0.009028745698539132,0.88458,0.9113,0.9011199999999999,0.026719999999999966,5,7,-0.000436000000000214,-0.04838799178738294,5,5,0,-0.08593615439831766,0.9333986181752305,25.0,0.845703125,False
box_precision,Box Precision,0.899239,0.03260266193971828,0.84923,0.95352,0.900025,0.10429,0,9,0.906244,0.02507231150979991,0.85949,0.94368,0.908165,0.08418999999999999,1,7,0.007005000000000039,0.7789920143588122,5,5,0,0.5554589278704338,0.5921175981212305,20.0,0.4921875,False
box_recall,Box Recall,0.843439,0.03372546365713731,0.77165,0.88706,0.844865,0.11541000000000001,9,1,0.8567450000000001,0.015227826320405839,0.83465,0.87785,0.855035,0.043200000000000016,5,6,0.01330600000000004,1.5775888949882613,6,4,0,1.1823689648362197,0.26735403177499345,16.0,0.275390625,False
val_seg_loss,Val Seg Loss,1.3045449999999998,0.08666393242481749,1.20219,1.45007,1.283455,0.24787999999999988,5,8,1.242387,0.03866712759782742,1.17774,1.30203,1.242185,0.12429000000000001,3,5,-0.062157999999999936,-4.764726398859368,8,2,0,-1.8938768946197329,0.09077221396066194,10.0,0.083984375,False
val_box_loss,Val Box Loss,0.723946,0.04338843553042421,0.66545,0.80078,0.713855,0.13533000000000006,4,7,0.730508,0.03987114852176251,0.67509,0.79314,0.740515,0.11804999999999999,6,0,0.006562000000000068,0.9064211971611237,6,4,0,0.3967434203392588,0.7007999165127855,25.0,0.845703125,False
val_cls_loss,Val Cls Loss,0.5590759999999999,0.06354829470568035,0.49582,0.67022,0.537275,0.17440000000000005,8,3,0.614813,0.08835353882744784,0.53301,0.83094,0.58341,0.29793000000000003,5,7,0.05573700000000015,9.969485365138219,2,8,0,1.869787011000461,0.09433063005425536,10.0,0.083984375,False
val_l1_loss,Val L1 Loss,0.016378999999999998,0.0012001708211750528,0.01473,0.01854,0.016149999999999998,0.003810000000000001,4,7,0.016212,0.0008862254541343055,0.01506,0.01752,0.016325,0.0024600000000000004,6,0,-0.000166999999999997,-1.0195982660723917,6,4,0,-0.3985993018273692,0.6994797566040796,24.0,0.76953125,False
best_epoch,Best Epoch,87.3,13.098345951556887,61.0,100.0,91.5,39.0,2,3,91.7,4.854551129266914,83.0,98.0,91.5,15.0,1,2,4.400000000000006,5.040091638029788,4,5,1,1.064239307774416,0.31493889015194687,17.5,0.59375,False
