seed,Baseline_mask_map50_95,TSVM_mask_map50_95,Delta_mask_map50_95,Baseline_mask_map50,TSVM_mask_map50,Delta_mask_map50,Baseline_mask_precision,TSVM_mask_precision,Delta_mask_precision,Baseline_mask_recall,TSVM_mask_recall,Delta_mask_recall,Baseline_box_map50_95,TSVM_box_map50_95,Delta_box_map50_95,Baseline_box_map50,TSVM_box_map50,Delta_box_map50,Baseline_box_precision,TSVM_box_precision,Delta_box_precision,Baseline_box_recall,TSVM_box_recall,Delta_box_recall,Baseline_val_seg_loss,TSVM_val_seg_loss,Delta_val_seg_loss,Baseline_val_box_loss,TSVM_val_box_loss,Delta_val_box_loss,Baseline_val_cls_loss,TSVM_val_cls_loss,Delta_val_cls_loss,Baseline_val_l1_loss,TSVM_val_l1_loss,Delta_val_l1_loss,Baseline_best_epoch,TSVM_best_epoch,Delta_best_epoch
0,0.73663,0.72451,-0.01212000000000002,0.91363,0.90402,-0.009610000000000007,0.95352,0.93122,-0.022299999999999986,0.8189,0.85286,0.03395999999999999,0.75226,0.71251,-0.03975000000000006,0.91164,0.89728,-0.01436000000000004,0.95352,0.92262,-0.03090000000000004,0.8189,0.84499,0.026090000000000058,1.34116,1.2809,-0.06025999999999998,0.69794,0.79314,0.09519999999999995,0.50044,0.60101,0.10057000000000005,0.01589,0.01752,0.0016299999999999995,89,88,-1
1,0.71649,0.72739,0.01090000000000002,0.89517,0.91154,0.016369999999999996,0.85328,0.94368,0.09039999999999992,0.85039,0.86614,0.015750000000000042,0.73278,0.74407,0.011290000000000022,0.87766,0.91084,0.03317999999999999,0.90445,0.94368,0.03922999999999999,0.77165,0.86614,0.09449000000000007,1.27884,1.26302,-0.015819999999999945,0.69224,0.68107,-0.011170000000000013,0.58717,0.53605,-0.05111999999999994,0.0155,0.01517,-0.00033000000000000043,98,98,0
2,0.71377,0.72591,0.01214000000000004,0.90723,0.90035,-0.006879999999999997,0.91387,0.922,0.008130000000000082,0.83547,0.83767,0.0021999999999999797,0.72117,0.73151,0.010340000000000016,0.90177,0.90496,0.003190000000000026,0.91387,0.93067,0.016800000000000037,0.83547,0.84554,0.010069999999999912,1.32917,1.18379,-0.14538000000000006,0.7115,0.73589,0.024390000000000023,0.53082,0.5808,0.049980000000000024,0.01594,0.01622,0.000279999999999999,100,83,-17
3,0.69411,0.72126,0.027150000000000007,0.90518,0.91644,0.011260000000000048,0.87856,0.9188,0.04023999999999994,0.8545,0.89093,0.03642999999999996,0.69053,0.72284,0.03231000000000006,0.89265,0.90721,0.014559999999999906,0.87054,0.90272,0.032179999999999986,0.84721,0.87682,0.029610000000000025,1.28807,1.17774,-0.11033000000000004,0.79719,0.77455,-0.022639999999999993,0.67022,0.68349,0.013270000000000004,0.01827,0.01728,-0.0009900000000000013,61,89,28
4,0.72741,0.7197,-0.007709999999999995,0.90617,0.90244,-0.003730000000000011,0.93874,0.90178,-0.03695999999999999,0.88189,0.86756,-0.014329999999999954,0.74385,0.73128,-0.01256999999999997,0.90309,0.89086,-0.012229999999999963,0.93036,0.8936,-0.036760000000000015,0.87402,0.85968,-0.01434000000000002,1.43904,1.23637,-0.20267000000000013,0.66545,0.74514,0.07969000000000004,0.50659,0.58602,0.07943,0.01473,0.01643,0.0017000000000000001,99,97,-2
5,0.73505,0.72845,-0.006599999999999939,0.92635,0.90959,-0.016759999999999997,0.93179,0.90131,-0.030480000000000063,0.86049,0.88189,0.021399999999999975,0.74495,0.7398,-0.005149999999999988,0.91891,0.9113,-0.007610000000000006,0.92326,0.89557,-0.027689999999999992,0.85262,0.87785,0.025229999999999975,1.20219,1.30203,0.09983999999999993,0.70731,0.75114,0.043830000000000036,0.5227,0.53301,0.01030999999999993,0.01552,0.01684,0.00132,94,90,-4
6,0.71531,0.72537,0.010059999999999958,0.90795,0.90062,-0.007330000000000059,0.88652,0.92226,0.035739999999999994,0.86115,0.85039,-0.010759999999999992,0.70833,0.72572,0.017390000000000017,0.89443,0.89482,0.00039000000000000146,0.86173,0.91361,0.05188000000000004,0.84252,0.83465,-0.007870000000000044,1.2043,1.24725,0.042950000000000044,0.73157,0.67509,-0.056480000000000086,0.6615,0.64366,-0.017839999999999967,0.01636,0.01506,-0.001299999999999999,81,95,14
7,0.71449,0.7065,-0.007989999999999942,0.91537,0.89027,-0.02510000000000001,0.89831,0.85949,-0.03882000000000008,0.83468,0.84252,0.00784000000000007,0.70504,0.69919,-0.005850000000000022,0.90127,0.88458,-0.016689999999999983,0.88983,0.85949,-0.030340000000000034,0.82681,0.84252,0.015710000000000002,1.24468,1.23712,-0.007560000000000011,0.80078,0.74955,-0.05123,0.54373,0.83094,0.28720999999999997,0.01854,0.01665,-0.0018899999999999993,71,88,17
8,0.73175,0.73385,0.0020999999999999908,0.93188,0.91026,-0.021620000000000084,0.91142,0.88831,-0.023109999999999964,0.8912,0.87675,-0.014449999999999963,0.73306,0.74239,0.00932999999999995,0.91157,0.8971,-0.014469999999999983,0.8956,0.88033,-0.015270000000000006,0.87813,0.86887,-0.009259999999999935,1.45007,1.23709,-0.21297999999999995,0.71927,0.69791,-0.021359999999999935,0.49582,0.57571,0.07989000000000007,0.01661,0.01527,-0.0013399999999999992,96,93,-3
9,0.72528,0.73285,0.007569999999999966,0.9097,0.91663,0.006929999999999992,0.85677,0.92884,0.07206999999999997,0.89493,0.85827,-0.036660000000000026,0.72994,0.73591,0.00596999999999992,0.89751,0.90719,0.009680000000000022,0.84923,0.92015,0.07091999999999998,0.88706,0.85039,-0.03666999999999998,1.26793,1.25856,-0.0093700000000001,0.71621,0.7016,-0.014610000000000012,0.57177,0.57744,0.005669999999999953,0.01643,0.01568,-0.0007500000000000007,84,96,12
