model,seed,TP,FN,FP,TN,TP_rate_%,FN_rate_%,FP_rate_%,TN_rate_%
Baseline,0,111,16,18,22,87.4015748031496,12.598425196850393,45.0,55.00000000000001
Baseline,1,107,20,20,20,84.25196850393701,15.748031496062993,50.0,50.0
Baseline,2,110,17,17,23,86.61417322834646,13.385826771653544,42.5,57.49999999999999
Baseline,3,111,16,16,24,87.4015748031496,12.598425196850393,40.0,60.0
Baseline,4,112,15,15,25,88.18897637795276,11.811023622047244,37.5,62.5
Baseline,5,112,15,14,26,88.18897637795276,11.811023622047244,35.0,65.0
Baseline,6,114,13,17,23,89.76377952755905,10.236220472440944,42.5,57.49999999999999
Baseline,7,107,20,16,24,84.25196850393701,15.748031496062993,40.0,60.0
Baseline,8,115,12,21,19,90.5511811023622,9.448818897637794,52.5,47.5
Baseline,9,104,23,14,26,81.88976377952756,18.11023622047244,35.0,65.0
