metric_name,baseline_min,baseline_max,baseline_median,baseline_range,baseline_best_seed,baseline_worst_seed,tsvm_min,tsvm_max,tsvm_median,tsvm_range,tsvm_best_seed,tsvm_worst_seed
Mask mAP@50-95,0.69411,0.73663,0.720885,0.04252,0,3,0.7065,0.73385,0.7256400000000001,0.027349999999999985,8,7
Mask mAP@50,0.89517,0.93188,0.908825,0.03671000000000002,8,1,0.89027,0.91663,0.9068050000000001,0.02635999999999994,9,7
Mask Precision,0.85328,0.95352,0.904865,0.10024,0,1,0.85949,0.94368,0.9204,0.08418999999999999,1,7
Mask Recall,0.8189,0.89493,0.857495,0.07603000000000004,9,0,0.83767,0.89093,0.862205,0.053259999999999974,3,2
Box mAP@50-95,0.69053,0.75226,0.73136,0.06173000000000006,0,3,0.69919,0.74407,0.731395,0.04488000000000003,1,7
Box mAP@50,0.87766,0.91891,0.90152,0.04125000000000001,5,1,0.88458,0.9113,0.9011199999999999,0.026719999999999966,5,7
Box Precision,0.84923,0.95352,0.900025,0.10429,0,9,0.85949,0.94368,0.908165,0.08418999999999999,1,7
Box Recall,0.77165,0.88706,0.844865,0.11541000000000001,9,1,0.83465,0.87785,0.855035,0.043200000000000016,5,6
Val Seg Loss,1.20219,1.45007,1.283455,0.24787999999999988,5,8,1.17774,1.30203,1.242185,0.12429000000000001,3,5
Val Box Loss,0.66545,0.80078,0.713855,0.13533000000000006,4,7,0.67509,0.79314,0.740515,0.11804999999999999,6,0
Val Cls Loss,0.49582,0.67022,0.537275,0.17440000000000005,8,3,0.53301,0.83094,0.58341,0.29793000000000003,5,7
Val L1 Loss,0.01473,0.01854,0.016149999999999998,0.003810000000000001,4,7,0.01506,0.01752,0.016325,0.0024600000000000004,6,0
Best Epoch,61.0,100.0,91.5,39.0,2,3,83.0,98.0,91.5,15.0,1,2
