filename,image_path,gt_mask_path,pred_mask_path,dice,iou,precision,recall,specificity,tp,fp,fn,tn,gt_foreground_ratio,pred_foreground_ratio
cju0s690hkp960855tjuaqvv0.jpg,/kaggle/input/datasets/okeydokey0805/kvasir-semantic-880-120/Kvasir_Semantic_880_120/val/images/cju0s690hkp960855tjuaqvv0.jpg,/kaggle/input/datasets/okeydokey0805/kvasir-semantic-880-120/Kvasir_Semantic_880_120/val/masks_binary/cju0s690hkp960855tjuaqvv0.png,/kaggle/working/runs/unet_resnet34_640_seed0_100e/pred_masks/cju0s690hkp960855tjuaqvv0.png,0.9732602775682494,0.9479133380204007,0.9599378680994114,0.9869576789992883,0.9984312115406064,14832,619,196,393953,0.036689453125,0.03772216796875
cju0sr5ghl0nd08789uzf1raf.jpg,/kaggle/input/datasets/okeydokey0805/kvasir-semantic-880-120/Kvasir_Semantic_880_120/val/images/cju0sr5ghl0nd08789uzf1raf.jpg,/kaggle/input/datasets/okeydokey0805/kvasir-semantic-880-120/Kvasir_Semantic_880_120/val/masks_binary/cju0sr5ghl0nd08789uzf1raf.png,/kaggle/working/runs/unet_resnet34_640_seed0_100e/pred_masks/cju0sr5ghl0nd08789uzf1raf.png,0.8836278705126224,0.7915173150359299,0.7984562480632282,0.9891397751165752,0.9615220974627121,54101,13656,594,341249,0.13353271484375,0.16542236328125
cju0sxqiclckk08551ycbwhno.jpg,/kaggle/input/datasets/okeydokey0805/kvasir-semantic-880-120/Kvasir_Semantic_880_120/val/images/cju0sxqiclckk08551ycbwhno.jpg,/kaggle/input/datasets/okeydokey0805/kvasir-semantic-880-120/Kvasir_Semantic_880_120/val/masks_binary/cju0sxqiclckk08551ycbwhno.png,/kaggle/working/runs/unet_resnet34_640_seed0_100e/pred_masks/cju0sxqiclckk08551ycbwhno.png,0.5341659769776026,0.3644109555303979,0.3650930782693303,0.9948991031390421,0.9212119665101284,17749,30866,91,360894,0.0435546875,0.11868896484375
cju0t4oil7vzk099370nun5h9.jpg,/kaggle/input/datasets/okeydokey0805/kvasir-semantic-880-120/Kvasir_Semantic_880_120/val/images/cju0t4oil7vzk099370nun5h9.jpg,/kaggle/input/datasets/okeydokey0805/kvasir-semantic-880-120/Kvasir_Semantic_880_120/val/masks_binary/cju0t4oil7vzk099370nun5h9.png,/kaggle/working/runs/unet_resnet34_640_seed0_100e/pred_masks/cju0t4oil7vzk099370nun5h9.png,0.9815111421854945,0.9636935491779992,0.9750866474353245,0.988020855776283,0.9869987202154229,137574,3515,1668,266843,0.3399462890625,0.34445556640625
cju0tl3uz8blh0993wxvn7ly3.jpg,/kaggle/input/datasets/okeydokey0805/kvasir-semantic-880-120/Kvasir_Semantic_880_120/val/images/cju0tl3uz8blh0993wxvn7ly3.jpg,/kaggle/input/datasets/okeydokey0805/kvasir-semantic-880-120/Kvasir_Semantic_880_120/val/masks_binary/cju0tl3uz8blh0993wxvn7ly3.png,/kaggle/working/runs/unet_resnet34_640_seed0_100e/pred_masks/cju0tl3uz8blh0993wxvn7ly3.png,0.36107753411016164,0.22031398167505725,0.22159813481113183,0.974370922647979,0.9819734252210109,2091,7345,55,400109,0.0052392578125,0.023037109375
cju0u2g7pmnux0801vkk47ivj.jpg,/kaggle/input/datasets/okeydokey0805/kvasir-semantic-880-120/Kvasir_Semantic_880_120/val/images/cju0u2g7pmnux0801vkk47ivj.jpg,/kaggle/input/datasets/okeydokey0805/kvasir-semantic-880-120/Kvasir_Semantic_880_120/val/masks_binary/cju0u2g7pmnux0801vkk47ivj.png,/kaggle/working/runs/unet_resnet34_640_seed0_100e/pred_masks/cju0u2g7pmnux0801vkk47ivj.png,0.9910025599759883,0.9821655840399479,0.9898305084745848,0.9921773904041608,0.9957870256953493,118844,1221,937,288598,0.29243408203125,0.29312744140625
cju0u82z3cuma0835wlxrnrjv.jpg,/kaggle/input/datasets/okeydokey0805/kvasir-semantic-880-120/Kvasir_Semantic_880_120/val/images/cju0u82z3cuma0835wlxrnrjv.jpg,/kaggle/input/datasets/okeydokey0805/kvasir-semantic-880-120/Kvasir_Semantic_880_120/val/masks_binary/cju0u82z3cuma0835wlxrnrjv.png,/kaggle/working/runs/unet_resnet34_640_seed0_100e/pred_masks/cju0u82z3cuma0835wlxrnrjv.png,0.9128217940888379,0.8396248095535339,0.8578273649061188,0.9753505111827648,0.9469983336683458,98645,16349,2493,292113,0.2469189453125,0.2807470703125
cju0ue769mxii08019zqgdbxn.jpg,/kaggle/input/datasets/okeydokey0805/kvasir-semantic-880-120/Kvasir_Semantic_880_120/val/images/cju0ue769mxii08019zqgdbxn.jpg,/kaggle/input/datasets/okeydokey0805/kvasir-semantic-880-120/Kvasir_Semantic_880_120/val/masks_binary/cju0ue769mxii08019zqgdbxn.png,/kaggle/working/runs/unet_resnet34_640_seed0_100e/pred_masks/cju0ue769mxii08019zqgdbxn.png,0.9392716464079185,0.8854968788450107,0.8896722212054126,0.9947279520909315,0.9938215108841408,19434,2410,103,387653,0.04769775390625,0.053330078125
cju0vtox5ain6099360pu62rp.jpg,/kaggle/input/datasets/okeydokey0805/kvasir-semantic-880-120/Kvasir_Semantic_880_120/val/images/cju0vtox5ain6099360pu62rp.jpg,/kaggle/input/datasets/okeydokey0805/kvasir-semantic-880-120/Kvasir_Semantic_880_120/val/masks_binary/cju0vtox5ain6099360pu62rp.png,/kaggle/working/runs/unet_resnet34_640_seed0_100e/pred_masks/cju0vtox5ain6099360pu62rp.png,0.9314109596198835,0.8716269065317187,0.8894986280873559,0.9774683405516283,0.994340234924968,17830,2215,411,389144,0.04453369140625,0.04893798828125
cju13cgqmnhwn0988yrainhcp.jpg,/kaggle/input/datasets/okeydokey0805/kvasir-semantic-880-120/Kvasir_Semantic_880_120/val/images/cju13cgqmnhwn0988yrainhcp.jpg,/kaggle/input/datasets/okeydokey0805/kvasir-semantic-880-120/Kvasir_Semantic_880_120/val/masks_binary/cju13cgqmnhwn0988yrainhcp.png,/kaggle/working/runs/unet_resnet34_640_seed0_100e/pred_masks/cju13cgqmnhwn0988yrainhcp.png,0.9059537968069468,0.8280763592643617,0.8373165897775972,0.9868485621749203,0.9727649133568547,50275,9768,670,348887,0.12437744140625,0.14658935546875
cju13fwthn9mq0835gacxgy01.jpg,/kaggle/input/datasets/okeydokey0805/kvasir-semantic-880-120/Kvasir_Semantic_880_120/val/images/cju13fwthn9mq0835gacxgy01.jpg,/kaggle/input/datasets/okeydokey0805/kvasir-semantic-880-120/Kvasir_Semantic_880_120/val/masks_binary/cju13fwthn9mq0835gacxgy01.png,/kaggle/working/runs/unet_resnet34_640_seed0_100e/pred_masks/cju13fwthn9mq0835gacxgy01.png,0.9646766082583961,0.9317635590515273,0.952216554164387,0.9774670733642867,0.9921163671811926,55439,2782,1278,350101,0.13846923828125,0.14214111328125
cju13hp5rnbjx0835bf0jowgx.jpg,/kaggle/input/datasets/okeydokey0805/kvasir-semantic-880-120/Kvasir_Semantic_880_120/val/images/cju13hp5rnbjx0835bf0jowgx.jpg,/kaggle/input/datasets/okeydokey0805/kvasir-semantic-880-120/Kvasir_Semantic_880_120/val/masks_binary/cju13hp5rnbjx0835bf0jowgx.png,/kaggle/working/runs/unet_resnet34_640_seed0_100e/pred_masks/cju13hp5rnbjx0835bf0jowgx.png,0.7955964508711311,0.6605729877224634,0.9872230528748566,0.6662691496200663,0.9989726663679387,29052,376,14552,365620,0.106455078125,0.071845703125
cju14g8o4xui30878gkgbrvqj.jpg,/kaggle/input/datasets/okeydokey0805/kvasir-semantic-880-120/Kvasir_Semantic_880_120/val/images/cju14g8o4xui30878gkgbrvqj.jpg,/kaggle/input/datasets/okeydokey0805/kvasir-semantic-880-120/Kvasir_Semantic_880_120/val/masks_binary/cju14g8o4xui30878gkgbrvqj.png,/kaggle/working/runs/unet_resnet34_640_seed0_100e/pred_masks/cju14g8o4xui30878gkgbrvqj.png,0.8947479612967645,0.8095420139168932,0.8095420139168932,1.0,0.9937570799875709,10588,2491,0,396521,0.025849609375,0.03193115234375
cju14hjh2ob2o0835ouz3r5aa.jpg,/kaggle/input/datasets/okeydokey0805/kvasir-semantic-880-120/Kvasir_Semantic_880_120/val/images/cju14hjh2ob2o0835ouz3r5aa.jpg,/kaggle/input/datasets/okeydokey0805/kvasir-semantic-880-120/Kvasir_Semantic_880_120/val/masks_binary/cju14hjh2ob2o0835ouz3r5aa.png,/kaggle/working/runs/unet_resnet34_640_seed0_100e/pred_masks/cju14hjh2ob2o0835ouz3r5aa.png,0.9603326089011053,0.9236921510889524,0.9340317985480489,0.9881575109382826,0.9899797584979437,50816,3589,609,354586,0.12554931640625,0.13282470703125
cju14pxbaoksp0835qzorx6g6.jpg,/kaggle/input/datasets/okeydokey0805/kvasir-semantic-880-120/Kvasir_Semantic_880_120/val/images/cju14pxbaoksp0835qzorx6g6.jpg,/kaggle/input/datasets/okeydokey0805/kvasir-semantic-880-120/Kvasir_Semantic_880_120/val/masks_binary/cju14pxbaoksp0835qzorx6g6.png,/kaggle/working/runs/unet_resnet34_640_seed0_100e/pred_masks/cju14pxbaoksp0835qzorx6g6.png,0.47586610524989365,0.3122206696469241,0.3125407079180903,0.9967310246194819,0.830672245702022,29271,64384,96,315849,0.07169677734375,0.22864990234375
cju15czxqp3lv0835jvhgzurz.jpg,/kaggle/input/datasets/okeydokey0805/kvasir-semantic-880-120/Kvasir_Semantic_880_120/val/images/cju15czxqp3lv0835jvhgzurz.jpg,/kaggle/input/datasets/okeydokey0805/kvasir-semantic-880-120/Kvasir_Semantic_880_120/val/masks_binary/cju15czxqp3lv0835jvhgzurz.png,/kaggle/working/runs/unet_resnet34_640_seed0_100e/pred_masks/cju15czxqp3lv0835jvhgzurz.png,0.959458747034549,0.9220766060934252,0.9423033775737886,0.9772503535055422,0.9775533636382024,109196,6686,2542,291176,0.2727978515625,0.2829150390625
cju15jr8jz8sb0855ukmkswkz.jpg,/kaggle/input/datasets/okeydokey0805/kvasir-semantic-880-120/Kvasir_Semantic_880_120/val/images/cju15jr8jz8sb0855ukmkswkz.jpg,/kaggle/input/datasets/okeydokey0805/kvasir-semantic-880-120/Kvasir_Semantic_880_120/val/masks_binary/cju15jr8jz8sb0855ukmkswkz.png,/kaggle/working/runs/unet_resnet34_640_seed0_100e/pred_masks/cju15jr8jz8sb0855ukmkswkz.png,0.9019164006765679,0.8213549507818403,0.9912878187866389,0.8273271638542442,0.9966727162734434,106386,935,22204,280075,0.3139404296875,0.26201416015625
cju15l5ubz9yh0855b3ivdpse.jpg,/kaggle/input/datasets/okeydokey0805/kvasir-semantic-880-120/Kvasir_Semantic_880_120/val/images/cju15l5ubz9yh0855b3ivdpse.jpg,/kaggle/input/datasets/okeydokey0805/kvasir-semantic-880-120/Kvasir_Semantic_880_120/val/masks_binary/cju15l5ubz9yh0855b3ivdpse.png,/kaggle/working/runs/unet_resnet34_640_seed0_100e/pred_masks/cju15l5ubz9yh0855b3ivdpse.png,0.3467316280996071,0.20972495088963145,1.0,0.20972495088963145,1.0,2989,0,11263,395348,0.034794921875,0.00729736328125
cju15mhjczc8z0801kit5c6di.jpg,/kaggle/input/datasets/okeydokey0805/kvasir-semantic-880-120/Kvasir_Semantic_880_120/val/images/cju15mhjczc8z0801kit5c6di.jpg,/kaggle/input/datasets/okeydokey0805/kvasir-semantic-880-120/Kvasir_Semantic_880_120/val/masks_binary/cju15mhjczc8z0801kit5c6di.png,/kaggle/working/runs/unet_resnet34_640_seed0_100e/pred_masks/cju15mhjczc8z0801kit5c6di.png,0.9294293452881952,0.8681625460194577,0.9585059043363477,0.9020649395386028,0.993922824955354,49757,2154,5402,352287,0.13466552734375,0.12673583984375
cju15ptjtppz40988odsm9azx.jpg,/kaggle/input/datasets/okeydokey0805/kvasir-semantic-880-120/Kvasir_Semantic_880_120/val/images/cju15ptjtppz40988odsm9azx.jpg,/kaggle/input/datasets/okeydokey0805/kvasir-semantic-880-120/Kvasir_Semantic_880_120/val/masks_binary/cju15ptjtppz40988odsm9azx.png,/kaggle/working/runs/unet_resnet34_640_seed0_100e/pred_masks/cju15ptjtppz40988odsm9azx.png,0.7643540106451818,0.6185865670513618,0.6189011212539246,0.999179049339138,0.9610915849423055,24342,14989,20,370249,0.0594775390625,0.09602294921875
cju15wdt3zla10801odjiw7sy.jpg,/kaggle/input/datasets/okeydokey0805/kvasir-semantic-880-120/Kvasir_Semantic_880_120/val/images/cju15wdt3zla10801odjiw7sy.jpg,/kaggle/input/datasets/okeydokey0805/kvasir-semantic-880-120/Kvasir_Semantic_880_120/val/masks_binary/cju15wdt3zla10801odjiw7sy.png,/kaggle/working/runs/unet_resnet34_640_seed0_100e/pred_masks/cju15wdt3zla10801odjiw7sy.png,0.9859188455387466,0.972228742444733,0.983234670108777,0.9886177163827481,0.9967013655762694,66271,1130,763,341436,0.1636572265625,0.16455322265625
cju160wshltz10993i1gmqxbe.jpg,/kaggle/input/datasets/okeydokey0805/kvasir-semantic-880-120/Kvasir_Semantic_880_120/val/images/cju160wshltz10993i1gmqxbe.jpg,/kaggle/input/datasets/okeydokey0805/kvasir-semantic-880-120/Kvasir_Semantic_880_120/val/masks_binary/cju160wshltz10993i1gmqxbe.png,/kaggle/working/runs/unet_resnet34_640_seed0_100e/pred_masks/cju160wshltz10993i1gmqxbe.png,0.9127024291501658,0.8394228531546085,0.8396182495356951,0.9997228381374749,0.9948166389150814,10821,2067,3,396709,0.02642578125,0.03146484375
cju16ach3m1da0993r1dq3sn2.jpg,/kaggle/input/datasets/okeydokey0805/kvasir-semantic-880-120/Kvasir_Semantic_880_120/val/images/cju16ach3m1da0993r1dq3sn2.jpg,/kaggle/input/datasets/okeydokey0805/kvasir-semantic-880-120/Kvasir_Semantic_880_120/val/masks_binary/cju16ach3m1da0993r1dq3sn2.png,/kaggle/working/runs/unet_resnet34_640_seed0_100e/pred_masks/cju16ach3m1da0993r1dq3sn2.png,0.9837710346078905,0.9680604156252517,0.974366346508078,0.9933590422364975,0.9905035798807736,108446,2853,725,297576,0.26653076171875,0.27172607421875
cju16b6ynq8e40988m8vx0xnj.jpg,/kaggle/input/datasets/okeydokey0805/kvasir-semantic-880-120/Kvasir_Semantic_880_120/val/images/cju16b6ynq8e40988m8vx0xnj.jpg,/kaggle/input/datasets/okeydokey0805/kvasir-semantic-880-120/Kvasir_Semantic_880_120/val/masks_binary/cju16b6ynq8e40988m8vx0xnj.png,/kaggle/working/runs/unet_resnet34_640_seed0_100e/pred_masks/cju16b6ynq8e40988m8vx0xnj.png,0.9417163836626125,0.8898525585442962,0.9328484218738428,0.9507545671174112,0.9987140774936204,7182,517,372,401529,0.0184423828125,0.01879638671875
cju16d65tzw9d0799ouslsw25.jpg,/kaggle/input/datasets/okeydokey0805/kvasir-semantic-880-120/Kvasir_Semantic_880_120/val/images/cju16d65tzw9d0799ouslsw25.jpg,/kaggle/input/datasets/okeydokey0805/kvasir-semantic-880-120/Kvasir_Semantic_880_120/val/masks_binary/cju16d65tzw9d0799ouslsw25.png,/kaggle/working/runs/unet_resnet34_640_seed0_100e/pred_masks/cju16d65tzw9d0799ouslsw25.png,0.9602900813336683,0.923613465730571,0.9281542056078264,0.9947310762168359,0.9962195624835127,19068,1476,101,388955,0.04679931640625,0.05015625
cju16fpvhzypl0799p9phnlx6.jpg,/kaggle/input/datasets/okeydokey0805/kvasir-semantic-880-120/Kvasir_Semantic_880_120/val/images/cju16fpvhzypl0799p9phnlx6.jpg,/kaggle/input/datasets/okeydokey0805/kvasir-semantic-880-120/Kvasir_Semantic_880_120/val/masks_binary/cju16fpvhzypl0799p9phnlx6.png,/kaggle/working/runs/unet_resnet34_640_seed0_100e/pred_masks/cju16fpvhzypl0799p9phnlx6.png,0.5604397744017287,0.3893131835934201,0.3898404557895589,0.996537875640501,0.8155015097987257,43176,67577,150,298697,0.1057763671875,0.27039306640625
cju16jgnyzp970878melv7r25.jpg,/kaggle/input/datasets/okeydokey0805/kvasir-semantic-880-120/Kvasir_Semantic_880_120/val/images/cju16jgnyzp970878melv7r25.jpg,/kaggle/input/datasets/okeydokey0805/kvasir-semantic-880-120/Kvasir_Semantic_880_120/val/masks_binary/cju16jgnyzp970878melv7r25.png,/kaggle/working/runs/unet_resnet34_640_seed0_100e/pred_masks/cju16jgnyzp970878melv7r25.png,0.957336701845934,0.9181647647336287,0.9310269670492163,0.985176643254041,0.9903814536964147,46988,3481,707,358424,0.11644287109375,0.12321533203125
cju16whaj0e7n0855q7b6cjkm.jpg,/kaggle/input/datasets/okeydokey0805/kvasir-semantic-880-120/Kvasir_Semantic_880_120/val/images/cju16whaj0e7n0855q7b6cjkm.jpg,/kaggle/input/datasets/okeydokey0805/kvasir-semantic-880-120/Kvasir_Semantic_880_120/val/masks_binary/cju16whaj0e7n0855q7b6cjkm.png,/kaggle/working/runs/unet_resnet34_640_seed0_100e/pred_masks/cju16whaj0e7n0855q7b6cjkm.png,0.2375200608165328,0.1347646889684526,0.6491500524673698,0.14535167850912997,0.9724303750709203,15466,8359,90938,294837,0.259775390625,0.05816650390625
cju32qr9tbvsj08013pkpjenq.jpg,/kaggle/input/datasets/okeydokey0805/kvasir-semantic-880-120/Kvasir_Semantic_880_120/val/images/cju32qr9tbvsj08013pkpjenq.jpg,/kaggle/input/datasets/okeydokey0805/kvasir-semantic-880-120/Kvasir_Semantic_880_120/val/masks_binary/cju32qr9tbvsj08013pkpjenq.png,/kaggle/working/runs/unet_resnet34_640_seed0_100e/pred_masks/cju32qr9tbvsj08013pkpjenq.png,0.7383114837193135,0.585177303425365,0.5896975797636883,0.9870700706934286,0.9509546192901496,26948,18750,353,363549,0.06665283203125,0.1115673828125
cju32srle1xfq083575i3fl75.jpg,/kaggle/input/datasets/okeydokey0805/kvasir-semantic-880-120/Kvasir_Semantic_880_120/val/images/cju32srle1xfq083575i3fl75.jpg,/kaggle/input/datasets/okeydokey0805/kvasir-semantic-880-120/Kvasir_Semantic_880_120/val/masks_binary/cju32srle1xfq083575i3fl75.png,/kaggle/working/runs/unet_resnet34_640_seed0_100e/pred_masks/cju32srle1xfq083575i3fl75.png,0.9742250969238165,0.9497454987466772,0.9839439612766757,0.9646963500271445,0.9989366193879309,25003,408,915,383274,0.0632763671875,0.06203857421875
cju32upim1z7u0988l883nqp6.jpg,/kaggle/input/datasets/okeydokey0805/kvasir-semantic-880-120/Kvasir_Semantic_880_120/val/images/cju32upim1z7u0988l883nqp6.jpg,/kaggle/input/datasets/okeydokey0805/kvasir-semantic-880-120/Kvasir_Semantic_880_120/val/masks_binary/cju32upim1z7u0988l883nqp6.png,/kaggle/working/runs/unet_resnet34_640_seed0_100e/pred_masks/cju32upim1z7u0988l883nqp6.png,0.932290594772645,0.8731688511952692,0.8824675324677232,0.9880761960157262,0.9795817070144226,54360,7240,656,347344,0.13431640625,0.150390625
cju32zhbnc1oy0801iyv1ix6p.jpg,/kaggle/input/datasets/okeydokey0805/kvasir-semantic-880-120/Kvasir_Semantic_880_120/val/images/cju32zhbnc1oy0801iyv1ix6p.jpg,/kaggle/input/datasets/okeydokey0805/kvasir-semantic-880-120/Kvasir_Semantic_880_120/val/masks_binary/cju32zhbnc1oy0801iyv1ix6p.png,/kaggle/working/runs/unet_resnet34_640_seed0_100e/pred_masks/cju32zhbnc1oy0801iyv1ix6p.png,0.7021515230267326,0.5410119405189642,0.5432476335104776,0.9924505321359944,0.7180359890119785,102670,86323,781,219826,0.25256591796875,0.46140869140625
cju330ofbc2l30801th5g3hw6.jpg,/kaggle/input/datasets/okeydokey0805/kvasir-semantic-880-120/Kvasir_Semantic_880_120/val/images/cju330ofbc2l30801th5g3hw6.jpg,/kaggle/input/datasets/okeydokey0805/kvasir-semantic-880-120/Kvasir_Semantic_880_120/val/masks_binary/cju330ofbc2l30801th5g3hw6.png,/kaggle/working/runs/unet_resnet34_640_seed0_100e/pred_masks/cju330ofbc2l30801th5g3hw6.png,0.9750068830494203,0.9512326150543112,0.9707011025158634,0.9793510324485045,0.9987771020624011,15936,481,336,392847,0.0397265625,0.04008056640625
cju33231uy4gi0993qc7b1jch.jpg,/kaggle/input/datasets/okeydokey0805/kvasir-semantic-880-120/Kvasir_Semantic_880_120/val/images/cju33231uy4gi0993qc7b1jch.jpg,/kaggle/input/datasets/okeydokey0805/kvasir-semantic-880-120/Kvasir_Semantic_880_120/val/masks_binary/cju33231uy4gi0993qc7b1jch.png,/kaggle/working/runs/unet_resnet34_640_seed0_100e/pred_masks/cju33231uy4gi0993qc7b1jch.png,0.4729346473246078,0.30970164210506035,0.31173005541003856,0.9794219555481306,0.8673944249535238,23179,51177,487,334757,0.0577783203125,0.181533203125
cju334jzo261t0835yqudnfs1.jpg,/kaggle/input/datasets/okeydokey0805/kvasir-semantic-880-120/Kvasir_Semantic_880_120/val/images/cju334jzo261t0835yqudnfs1.jpg,/kaggle/input/datasets/okeydokey0805/kvasir-semantic-880-120/Kvasir_Semantic_880_120/val/masks_binary/cju334jzo261t0835yqudnfs1.png,/kaggle/working/runs/unet_resnet34_640_seed0_100e/pred_masks/cju334jzo261t0835yqudnfs1.png,0.9830970129017198,0.9667559495591558,0.9701478336366478,0.996396550460513,0.9923413499972562,81571,2510,295,325224,0.1998681640625,0.20527587890625
cju336l68y7if0993wf092166.jpg,/kaggle/input/datasets/okeydokey0805/kvasir-semantic-880-120/Kvasir_Semantic_880_120/val/images/cju336l68y7if0993wf092166.jpg,/kaggle/input/datasets/okeydokey0805/kvasir-semantic-880-120/Kvasir_Semantic_880_120/val/masks_binary/cju336l68y7if0993wf092166.png,/kaggle/working/runs/unet_resnet34_640_seed0_100e/pred_masks/cju336l68y7if0993wf092166.png,0.9347707806303969,0.8775301725047101,0.9720488561729658,0.900246332029754,0.9924426416689295,83325,2396,9233,314646,0.2259716796875,0.20927978515625
cju3381d8bz3h07991xtl7ra0.jpg,/kaggle/input/datasets/okeydokey0805/kvasir-semantic-880-120/Kvasir_Semantic_880_120/val/images/cju3381d8bz3h07991xtl7ra0.jpg,/kaggle/input/datasets/okeydokey0805/kvasir-semantic-880-120/Kvasir_Semantic_880_120/val/masks_binary/cju3381d8bz3h07991xtl7ra0.png,/kaggle/working/runs/unet_resnet34_640_seed0_100e/pred_masks/cju3381d8bz3h07991xtl7ra0.png,0.9121811745486245,0.8385414493727793,0.8541135475103939,0.9787202960655497,0.9911762589188434,20099,3433,437,385631,0.05013671875,0.057451171875
cju33belnbyhm0878yxl42233.jpg,/kaggle/input/datasets/okeydokey0805/kvasir-semantic-880-120/Kvasir_Semantic_880_120/val/images/cju33belnbyhm0878yxl42233.jpg,/kaggle/input/datasets/okeydokey0805/kvasir-semantic-880-120/Kvasir_Semantic_880_120/val/masks_binary/cju33belnbyhm0878yxl42233.png,/kaggle/working/runs/unet_resnet34_640_seed0_100e/pred_masks/cju33belnbyhm0878yxl42233.png,0.9462864091506027,0.8980489739987088,0.9857493468451202,0.9098615221604375,0.9990581611643223,24902,360,2467,381871,0.06681884765625,0.0616748046875
cju33eqwbcch208012jikwdky.jpg,/kaggle/input/datasets/okeydokey0805/kvasir-semantic-880-120/Kvasir_Semantic_880_120/val/images/cju33eqwbcch208012jikwdky.jpg,/kaggle/input/datasets/okeydokey0805/kvasir-semantic-880-120/Kvasir_Semantic_880_120/val/masks_binary/cju33eqwbcch208012jikwdky.png,/kaggle/working/runs/unet_resnet34_640_seed0_100e/pred_masks/cju33eqwbcch208012jikwdky.png,0.8350105069998557,0.7167536806273684,0.7222862263188399,0.9894262467559981,0.938466469260197,56425,21695,603,330877,0.139228515625,0.19072265625
cju33jon3ygbj0993pu22a4k6.jpg,/kaggle/input/datasets/okeydokey0805/kvasir-semantic-880-120/Kvasir_Semantic_880_120/val/images/cju33jon3ygbj0993pu22a4k6.jpg,/kaggle/input/datasets/okeydokey0805/kvasir-semantic-880-120/Kvasir_Semantic_880_120/val/masks_binary/cju33jon3ygbj0993pu22a4k6.png,/kaggle/working/runs/unet_resnet34_640_seed0_100e/pred_masks/cju33jon3ygbj0993pu22a4k6.png,0.9635965307164743,0.9297503909195011,0.9756305074446938,0.9518558045775415,0.998978952675348,16054,401,812,392333,0.0411767578125,0.04017333984375
cju33mirdc8mj0799k33wzoes.jpg,/kaggle/input/datasets/okeydokey0805/kvasir-semantic-880-120/Kvasir_Semantic_880_120/val/images/cju33mirdc8mj0799k33wzoes.jpg,/kaggle/input/datasets/okeydokey0805/kvasir-semantic-880-120/Kvasir_Semantic_880_120/val/masks_binary/cju33mirdc8mj0799k33wzoes.png,/kaggle/working/runs/unet_resnet34_640_seed0_100e/pred_masks/cju33mirdc8mj0799k33wzoes.png,0.9630065085030702,0.9286524133463872,0.9396099639463296,0.9875979674446823,0.986991592485604,68802,4422,864,335512,0.1700830078125,0.17876953125
cju33o12x2jm50988944mxq0v.jpg,/kaggle/input/datasets/okeydokey0805/kvasir-semantic-880-120/Kvasir_Semantic_880_120/val/images/cju33o12x2jm50988944mxq0v.jpg,/kaggle/input/datasets/okeydokey0805/kvasir-semantic-880-120/Kvasir_Semantic_880_120/val/masks_binary/cju33o12x2jm50988944mxq0v.png,/kaggle/working/runs/unet_resnet34_640_seed0_100e/pred_masks/cju33o12x2jm50988944mxq0v.png,0.9781418784210746,0.9572188719407079,0.9747850588832109,0.9815218972793429,0.9991183618202673,13492,349,254,395505,0.0335595703125,0.03379150390625
cju33qpdvc9g0087825jhf3s9.jpg,/kaggle/input/datasets/okeydokey0805/kvasir-semantic-880-120/Kvasir_Semantic_880_120/val/images/cju33qpdvc9g0087825jhf3s9.jpg,/kaggle/input/datasets/okeydokey0805/kvasir-semantic-880-120/Kvasir_Semantic_880_120/val/masks_binary/cju33qpdvc9g0087825jhf3s9.png,/kaggle/working/runs/unet_resnet34_640_seed0_100e/pred_masks/cju33qpdvc9g0087825jhf3s9.png,0.9591018444267729,0.9214175654859125,0.9768339768341489,0.9420020048693828,0.9992113923474729,13156,312,810,395322,0.0340966796875,0.032880859375
cju33w4sdcivk0855x879zht7.jpg,/kaggle/input/datasets/okeydokey0805/kvasir-semantic-880-120/Kvasir_Semantic_880_120/val/images/cju33w4sdcivk0855x879zht7.jpg,/kaggle/input/datasets/okeydokey0805/kvasir-semantic-880-120/Kvasir_Semantic_880_120/val/masks_binary/cju33w4sdcivk0855x879zht7.png,/kaggle/working/runs/unet_resnet34_640_seed0_100e/pred_masks/cju33w4sdcivk0855x879zht7.png,0.9732468840488901,0.9478879283920425,0.9501013949488414,0.9975482289180027,0.9957105350737725,30922,1624,76,376978,0.0756787109375,0.0794580078125
cju33x0f22peh0988g0ln7w5v.jpg,/kaggle/input/datasets/okeydokey0805/kvasir-semantic-880-120/Kvasir_Semantic_880_120/val/images/cju33x0f22peh0988g0ln7w5v.jpg,/kaggle/input/datasets/okeydokey0805/kvasir-semantic-880-120/Kvasir_Semantic_880_120/val/masks_binary/cju33x0f22peh0988g0ln7w5v.png,/kaggle/working/runs/unet_resnet34_640_seed0_100e/pred_masks/cju33x0f22peh0988g0ln7w5v.png,0.9148207132864494,0.8430134305804232,0.9709076009017527,0.864859932476824,0.9992875795515265,9478,284,1481,398357,0.02675537109375,0.0238330078125
cju7dp3dw2k4n0755zhe003ad.jpg,/kaggle/input/datasets/okeydokey0805/kvasir-semantic-880-120/Kvasir_Semantic_880_120/val/images/cju7dp3dw2k4n0755zhe003ad.jpg,/kaggle/input/datasets/okeydokey0805/kvasir-semantic-880-120/Kvasir_Semantic_880_120/val/masks_binary/cju7dp3dw2k4n0755zhe003ad.png,/kaggle/working/runs/unet_resnet34_640_seed0_100e/pred_masks/cju7dp3dw2k4n0755zhe003ad.png,0.9662302914477473,0.9346668638618107,0.9867285998673379,0.9465663146860385,0.9991120257825928,25279,340,1427,382554,0.0652001953125,0.06254638671875
cju7dqcwi2dz00850gcmr2ert.jpg,/kaggle/input/datasets/okeydokey0805/kvasir-semantic-880-120/Kvasir_Semantic_880_120/val/images/cju7dqcwi2dz00850gcmr2ert.jpg,/kaggle/input/datasets/okeydokey0805/kvasir-semantic-880-120/Kvasir_Semantic_880_120/val/masks_binary/cju7dqcwi2dz00850gcmr2ert.png,/kaggle/working/runs/unet_resnet34_640_seed0_100e/pred_masks/cju7dqcwi2dz00850gcmr2ert.png,0.9439971921821045,0.8939343581225844,0.9251838156257248,0.9635915808331232,0.9955070106127519,21517,1740,813,385530,0.0545166015625,0.05677978515625
cju7druhp2gp308715i6km7be.jpg,/kaggle/input/datasets/okeydokey0805/kvasir-semantic-880-120/Kvasir_Semantic_880_120/val/images/cju7druhp2gp308715i6km7be.jpg,/kaggle/input/datasets/okeydokey0805/kvasir-semantic-880-120/Kvasir_Semantic_880_120/val/masks_binary/cju7druhp2gp308715i6km7be.png,/kaggle/working/runs/unet_resnet34_640_seed0_100e/pred_masks/cju7druhp2gp308715i6km7be.png,0.9006920287930165,0.8193263874946498,0.9774217301431193,0.8351323489282957,0.9908346418127635,110174,2545,21750,275131,0.322080078125,0.27519287109375
cju7dsrtb2f8i085064kwugfk.jpg,/kaggle/input/datasets/okeydokey0805/kvasir-semantic-880-120/Kvasir_Semantic_880_120/val/images/cju7dsrtb2f8i085064kwugfk.jpg,/kaggle/input/datasets/okeydokey0805/kvasir-semantic-880-120/Kvasir_Semantic_880_120/val/masks_binary/cju7dsrtb2f8i085064kwugfk.png,/kaggle/working/runs/unet_resnet34_640_seed0_100e/pred_masks/cju7dsrtb2f8i085064kwugfk.png,0.973269402777206,0.9479306503671763,0.9775264351566153,0.9690492875497283,0.997967241416058,33188,763,1060,374589,0.08361328125,0.08288818359375
cju7dtb1e2j0t0818deq51ib3.jpg,/kaggle/input/datasets/okeydokey0805/kvasir-semantic-880-120/Kvasir_Semantic_880_120/val/images/cju7dtb1e2j0t0818deq51ib3.jpg,/kaggle/input/datasets/okeydokey0805/kvasir-semantic-880-120/Kvasir_Semantic_880_120/val/masks_binary/cju7dtb1e2j0t0818deq51ib3.png,/kaggle/working/runs/unet_resnet34_640_seed0_100e/pred_masks/cju7dtb1e2j0t0818deq51ib3.png,0.9734417012019232,0.9482575927170387,0.9860024829298789,0.9611969199583057,0.9973740673135435,63538,902,2565,342595,0.16138427734375,0.15732421875
cju7dubap2g0w0801fgl42mg9.jpg,/kaggle/input/datasets/okeydokey0805/kvasir-semantic-880-120/Kvasir_Semantic_880_120/val/images/cju7dubap2g0w0801fgl42mg9.jpg,/kaggle/input/datasets/okeydokey0805/kvasir-semantic-880-120/Kvasir_Semantic_880_120/val/masks_binary/cju7dubap2g0w0801fgl42mg9.png,/kaggle/working/runs/unet_resnet34_640_seed0_100e/pred_masks/cju7dubap2g0w0801fgl42mg9.png,0.553390036452315,0.3825426689966954,0.9888094883628882,0.3842060102394028,0.998525551120222,39851,451,63872,305426,0.25322998046875,0.0983935546875
cju7dvl5m2n4t0755hlnnjjet.jpg,/kaggle/input/datasets/okeydokey0805/kvasir-semantic-880-120/Kvasir_Semantic_880_120/val/images/cju7dvl5m2n4t0755hlnnjjet.jpg,/kaggle/input/datasets/okeydokey0805/kvasir-semantic-880-120/Kvasir_Semantic_880_120/val/masks_binary/cju7dvl5m2n4t0755hlnnjjet.png,/kaggle/working/runs/unet_resnet34_640_seed0_100e/pred_masks/cju7dvl5m2n4t0755hlnnjjet.png,0.9454787824930216,0.8965953143443739,0.9542559870844537,0.9368615709762517,0.9987193780697264,10639,510,717,397734,0.027724609375,0.02721923828125
cju7dwe282dc309876rco45ts.jpg,/kaggle/input/datasets/okeydokey0805/kvasir-semantic-880-120/Kvasir_Semantic_880_120/val/images/cju7dwe282dc309876rco45ts.jpg,/kaggle/input/datasets/okeydokey0805/kvasir-semantic-880-120/Kvasir_Semantic_880_120/val/masks_binary/cju7dwe282dc309876rco45ts.png,/kaggle/working/runs/unet_resnet34_640_seed0_100e/pred_masks/cju7dwe282dc309876rco45ts.png,0.9767116010870576,0.9544832152154302,0.9816693361808293,0.971803690568314,0.9915105124152963,126868,2369,3681,276682,0.31872314453125,0.31552001953125
cju7dxffn2eam0817qxosfwch.jpg,/kaggle/input/datasets/okeydokey0805/kvasir-semantic-880-120/Kvasir_Semantic_880_120/val/images/cju7dxffn2eam0817qxosfwch.jpg,/kaggle/input/datasets/okeydokey0805/kvasir-semantic-880-120/Kvasir_Semantic_880_120/val/masks_binary/cju7dxffn2eam0817qxosfwch.png,/kaggle/working/runs/unet_resnet34_640_seed0_100e/pred_masks/cju7dxffn2eam0817qxosfwch.png,0.6650059488402876,0.498134016599596,0.9911063087025431,0.5003706760298494,0.9990506020247911,35772,321,35719,337788,0.17453857421875,0.08811767578125
cju7dymur2od30755eg8yv2ht.jpg,/kaggle/input/datasets/okeydokey0805/kvasir-semantic-880-120/Kvasir_Semantic_880_120/val/images/cju7dymur2od30755eg8yv2ht.jpg,/kaggle/input/datasets/okeydokey0805/kvasir-semantic-880-120/Kvasir_Semantic_880_120/val/masks_binary/cju7dymur2od30755eg8yv2ht.png,/kaggle/working/runs/unet_resnet34_640_seed0_100e/pred_masks/cju7dymur2od30755eg8yv2ht.png,0.9482434438397299,0.9015807301469505,0.9844397952703245,0.9146144634770056,0.9976333815369673,52701,833,4920,351146,0.14067626953125,0.1306982421875
cju7dz5yy2i7z0801ausi7rna.jpg,/kaggle/input/datasets/okeydokey0805/kvasir-semantic-880-120/Kvasir_Semantic_880_120/val/images/cju7dz5yy2i7z0801ausi7rna.jpg,/kaggle/input/datasets/okeydokey0805/kvasir-semantic-880-120/Kvasir_Semantic_880_120/val/masks_binary/cju7dz5yy2i7z0801ausi7rna.png,/kaggle/working/runs/unet_resnet34_640_seed0_100e/pred_masks/cju7dz5yy2i7z0801ausi7rna.png,0.9360280749231067,0.879748847560962,0.9324404009777404,0.9396434634979657,0.9979840128701428,11069,802,711,397018,0.028759765625,0.02898193359375
cju7ea4om2l910801bohqjccy.jpg,/kaggle/input/datasets/okeydokey0805/kvasir-semantic-880-120/Kvasir_Semantic_880_120/val/images/cju7ea4om2l910801bohqjccy.jpg,/kaggle/input/datasets/okeydokey0805/kvasir-semantic-880-120/Kvasir_Semantic_880_120/val/masks_binary/cju7ea4om2l910801bohqjccy.png,/kaggle/working/runs/unet_resnet34_640_seed0_100e/pred_masks/cju7ea4om2l910801bohqjccy.png,0.9792671062588276,0.9593764561360639,0.9766278568349434,0.9819206590072321,0.9985977983882446,22648,542,417,385993,0.05631103515625,0.0566162109375
cju7ebe962hr409872ovibahw.jpg,/kaggle/input/datasets/okeydokey0805/kvasir-semantic-880-120/Kvasir_Semantic_880_120/val/images/cju7ebe962hr409872ovibahw.jpg,/kaggle/input/datasets/okeydokey0805/kvasir-semantic-880-120/Kvasir_Semantic_880_120/val/masks_binary/cju7ebe962hr409872ovibahw.png,/kaggle/working/runs/unet_resnet34_640_seed0_100e/pred_masks/cju7ebe962hr409872ovibahw.png,0.9530123572802013,0.9102422210108913,0.9835256040314474,0.9243354469308528,0.9880004160202516,165310,2769,13532,227989,0.4366259765625,0.41034912109375
cju7ecl9i2i060987xawjp4l0.jpg,/kaggle/input/datasets/okeydokey0805/kvasir-semantic-880-120/Kvasir_Semantic_880_120/val/images/cju7ecl9i2i060987xawjp4l0.jpg,/kaggle/input/datasets/okeydokey0805/kvasir-semantic-880-120/Kvasir_Semantic_880_120/val/masks_binary/cju7ecl9i2i060987xawjp4l0.png,/kaggle/working/runs/unet_resnet34_640_seed0_100e/pred_masks/cju7ecl9i2i060987xawjp4l0.png,0.8824758452712819,0.7896704885861071,0.9956889253571997,0.7923796888444197,0.9989429006677933,76448,331,20031,312790,0.23554443359375,0.18744873046875
cju7eea9b2m0z0801ynqv1fqu.jpg,/kaggle/input/datasets/okeydokey0805/kvasir-semantic-880-120/Kvasir_Semantic_880_120/val/images/cju7eea9b2m0z0801ynqv1fqu.jpg,/kaggle/input/datasets/okeydokey0805/kvasir-semantic-880-120/Kvasir_Semantic_880_120/val/masks_binary/cju7eea9b2m0z0801ynqv1fqu.png,/kaggle/working/runs/unet_resnet34_640_seed0_100e/pred_masks/cju7eea9b2m0z0801ynqv1fqu.png,0.6181490934310695,0.44733414472818883,0.9802086744959518,0.451411333765457,0.998835320355737,20950,423,25460,362767,0.1133056640625,0.05218017578125
cju85nr8elly209872w9n5m0s.jpg,/kaggle/input/datasets/okeydokey0805/kvasir-semantic-880-120/Kvasir_Semantic_880_120/val/images/cju85nr8elly209872w9n5m0s.jpg,/kaggle/input/datasets/okeydokey0805/kvasir-semantic-880-120/Kvasir_Semantic_880_120/val/masks_binary/cju85nr8elly209872w9n5m0s.png,/kaggle/working/runs/unet_resnet34_640_seed0_100e/pred_masks/cju85nr8elly209872w9n5m0s.png,0.9667715984610687,0.9356804333110212,0.9958882624729944,0.9393091316170665,0.9997477820420815,23494,97,1518,384491,0.061064453125,0.05759521484375
cju85omszllp30850b6rm9mi3.jpg,/kaggle/input/datasets/okeydokey0805/kvasir-semantic-880-120/Kvasir_Semantic_880_120/val/images/cju85omszllp30850b6rm9mi3.jpg,/kaggle/input/datasets/okeydokey0805/kvasir-semantic-880-120/Kvasir_Semantic_880_120/val/masks_binary/cju85omszllp30850b6rm9mi3.png,/kaggle/working/runs/unet_resnet34_640_seed0_100e/pred_masks/cju85omszllp30850b6rm9mi3.png,0.9648561675323367,0.9320986487764678,0.9464251448748006,0.9840193124913034,0.992233160953276,49322,2792,801,356685,0.12237060546875,0.1272314453125
cju85plp7lmkw0850rx42jdpf.jpg,/kaggle/input/datasets/okeydokey0805/kvasir-semantic-880-120/Kvasir_Semantic_880_120/val/images/cju85plp7lmkw0850rx42jdpf.jpg,/kaggle/input/datasets/okeydokey0805/kvasir-semantic-880-120/Kvasir_Semantic_880_120/val/masks_binary/cju85plp7lmkw0850rx42jdpf.png,/kaggle/working/runs/unet_resnet34_640_seed0_100e/pred_masks/cju85plp7lmkw0850rx42jdpf.png,0.7675855923190811,0.6228307520062645,0.9638319376263791,0.6377358490568922,0.9894151202507168,80106,3006,45504,280984,0.3066650390625,0.20291015625
cju85qefyln6v0850szeb9byi.jpg,/kaggle/input/datasets/okeydokey0805/kvasir-semantic-880-120/Kvasir_Semantic_880_120/val/images/cju85qefyln6v0850szeb9byi.jpg,/kaggle/input/datasets/okeydokey0805/kvasir-semantic-880-120/Kvasir_Semantic_880_120/val/masks_binary/cju85qefyln6v0850szeb9byi.png,/kaggle/working/runs/unet_resnet34_640_seed0_100e/pred_masks/cju85qefyln6v0850szeb9byi.png,0.9522924699215097,0.9089296798794583,0.9950214258969096,0.9130822092135956,0.9971557597845043,143500,718,13660,251722,0.38369140625,0.3520947265625
cju85rkbnlo1c08503uxcpax1.jpg,/kaggle/input/datasets/okeydokey0805/kvasir-semantic-880-120/Kvasir_Semantic_880_120/val/images/cju85rkbnlo1c08503uxcpax1.jpg,/kaggle/input/datasets/okeydokey0805/kvasir-semantic-880-120/Kvasir_Semantic_880_120/val/masks_binary/cju85rkbnlo1c08503uxcpax1.png,/kaggle/working/runs/unet_resnet34_640_seed0_100e/pred_masks/cju85rkbnlo1c08503uxcpax1.png,0.9833224820954695,0.9671921182266472,0.9853175229055456,0.9813355039557002,0.9969844569961196,68719,1024,1307,338550,0.1709619140625,0.17027099609375
cju87kbcen2av0987usezo8kn.jpg,/kaggle/input/datasets/okeydokey0805/kvasir-semantic-880-120/Kvasir_Semantic_880_120/val/images/cju87kbcen2av0987usezo8kn.jpg,/kaggle/input/datasets/okeydokey0805/kvasir-semantic-880-120/Kvasir_Semantic_880_120/val/masks_binary/cju87kbcen2av0987usezo8kn.png,/kaggle/working/runs/unet_resnet34_640_seed0_100e/pred_masks/cju87kbcen2av0987usezo8kn.png,0.3221024959346779,0.19196792125553946,0.19770812821427478,0.8686265870954916,0.7711974791555142,21687,88005,3280,296628,0.06095458984375,0.267802734375
cju87li0zn3yb0817kbwgjiz8.jpg,/kaggle/input/datasets/okeydokey0805/kvasir-semantic-880-120/Kvasir_Semantic_880_120/val/images/cju87li0zn3yb0817kbwgjiz8.jpg,/kaggle/input/datasets/okeydokey0805/kvasir-semantic-880-120/Kvasir_Semantic_880_120/val/masks_binary/cju87li0zn3yb0817kbwgjiz8.png,/kaggle/working/runs/unet_resnet34_640_seed0_100e/pred_masks/cju87li0zn3yb0817kbwgjiz8.png,0.7070166145892258,0.5468102858604948,0.9547408277500642,0.5613615405689697,0.9541492989769157,145492,6897,113685,143526,0.63275634765625,0.37204345703125
cju87mrypnb1e0818scv1mxxg.jpg,/kaggle/input/datasets/okeydokey0805/kvasir-semantic-880-120/Kvasir_Semantic_880_120/val/images/cju87mrypnb1e0818scv1mxxg.jpg,/kaggle/input/datasets/okeydokey0805/kvasir-semantic-880-120/Kvasir_Semantic_880_120/val/masks_binary/cju87mrypnb1e0818scv1mxxg.png,/kaggle/working/runs/unet_resnet34_640_seed0_100e/pred_masks/cju87mrypnb1e0818scv1mxxg.png,0.9478848732066409,0.9009326537257297,0.9050057192662726,0.9950293448317461,0.9955612340990895,16615,1744,83,391158,0.0407666015625,0.04482177734375
cju87nkyrnb970801q84m47yt.jpg,/kaggle/input/datasets/okeydokey0805/kvasir-semantic-880-120/Kvasir_Semantic_880_120/val/images/cju87nkyrnb970801q84m47yt.jpg,/kaggle/input/datasets/okeydokey0805/kvasir-semantic-880-120/Kvasir_Semantic_880_120/val/masks_binary/cju87nkyrnb970801q84m47yt.png,/kaggle/working/runs/unet_resnet34_640_seed0_100e/pred_masks/cju87nkyrnb970801q84m47yt.png,0.9033896245900821,0.8238018213648627,0.8297031912523327,0.9914400000000229,0.9794920720236551,37179,7631,321,364469,0.091552734375,0.1093994140625
cju87ox0kncom0801b98hqnd2.jpg,/kaggle/input/datasets/okeydokey0805/kvasir-semantic-880-120/Kvasir_Semantic_880_120/val/images/cju87ox0kncom0801b98hqnd2.jpg,/kaggle/input/datasets/okeydokey0805/kvasir-semantic-880-120/Kvasir_Semantic_880_120/val/masks_binary/cju87ox0kncom0801b98hqnd2.png,/kaggle/working/runs/unet_resnet34_640_seed0_100e/pred_masks/cju87ox0kncom0801b98hqnd2.png,0.9690602157372846,0.9399775142351576,0.9682094960589929,0.9699124317043264,0.9977773598900961,25918,851,804,382027,0.0652392578125,0.06535400390625
cju87q6yoneim0871dl4phvkd.jpg,/kaggle/input/datasets/okeydokey0805/kvasir-semantic-880-120/Kvasir_Semantic_880_120/val/images/cju87q6yoneim0871dl4phvkd.jpg,/kaggle/input/datasets/okeydokey0805/kvasir-semantic-880-120/Kvasir_Semantic_880_120/val/masks_binary/cju87q6yoneim0871dl4phvkd.png,/kaggle/working/runs/unet_resnet34_640_seed0_100e/pred_masks/cju87q6yoneim0871dl4phvkd.png,0.9306441634289734,0.8702848309251494,0.9770027746313721,0.8884856732442272,0.9927152187080318,94016,2213,11800,301571,0.25833984375,0.23493408203125
cju87r56lnkyp0755hz30leew.jpg,/kaggle/input/datasets/okeydokey0805/kvasir-semantic-880-120/Kvasir_Semantic_880_120/val/images/cju87r56lnkyp0755hz30leew.jpg,/kaggle/input/datasets/okeydokey0805/kvasir-semantic-880-120/Kvasir_Semantic_880_120/val/masks_binary/cju87r56lnkyp0755hz30leew.png,/kaggle/working/runs/unet_resnet34_640_seed0_100e/pred_masks/cju87r56lnkyp0755hz30leew.png,0.945567343706195,0.8967546083310669,0.9860628376750868,0.9082667680994768,0.9942838593123715,114616,1620,11576,281788,0.3080859375,0.283779296875
cju87tyddnnad0755bj0wxahe.jpg,/kaggle/input/datasets/okeydokey0805/kvasir-semantic-880-120/Kvasir_Semantic_880_120/val/images/cju87tyddnnad0755bj0wxahe.jpg,/kaggle/input/datasets/okeydokey0805/kvasir-semantic-880-120/Kvasir_Semantic_880_120/val/masks_binary/cju87tyddnnad0755bj0wxahe.png,/kaggle/working/runs/unet_resnet34_640_seed0_100e/pred_masks/cju87tyddnnad0755bj0wxahe.png,0.9869150647265302,0.9741681376992657,0.9802739667570037,0.9936467598475257,0.9835392045581075,183770,3698,1175,220957,0.45152587890625,0.457685546875
cju87vqa0ndwg0850onjdz7ol.jpg,/kaggle/input/datasets/okeydokey0805/kvasir-semantic-880-120/Kvasir_Semantic_880_120/val/images/cju87vqa0ndwg0850onjdz7ol.jpg,/kaggle/input/datasets/okeydokey0805/kvasir-semantic-880-120/Kvasir_Semantic_880_120/val/masks_binary/cju87vqa0ndwg0850onjdz7ol.png,/kaggle/working/runs/unet_resnet34_640_seed0_100e/pred_masks/cju87vqa0ndwg0850onjdz7ol.png,0.8677750705283089,0.766433460295977,0.9952510781272752,0.7692466722281495,0.9924415565016115,212089,1012,63621,132878,0.6731201171875,0.52026611328125
cju87xn2snfmv0987sc3d9xnq.jpg,/kaggle/input/datasets/okeydokey0805/kvasir-semantic-880-120/Kvasir_Semantic_880_120/val/images/cju87xn2snfmv0987sc3d9xnq.jpg,/kaggle/input/datasets/okeydokey0805/kvasir-semantic-880-120/Kvasir_Semantic_880_120/val/masks_binary/cju87xn2snfmv0987sc3d9xnq.png,/kaggle/working/runs/unet_resnet34_640_seed0_100e/pred_masks/cju87xn2snfmv0987sc3d9xnq.png,0.8559634748890987,0.7481959326484964,0.9058327128321241,0.8112986647304841,0.9833656316587942,54744,5691,12733,336432,0.16473876953125,0.14754638671875
cju87z6o6nh73085045bzsx6o.jpg,/kaggle/input/datasets/okeydokey0805/kvasir-semantic-880-120/Kvasir_Semantic_880_120/val/images/cju87z6o6nh73085045bzsx6o.jpg,/kaggle/input/datasets/okeydokey0805/kvasir-semantic-880-120/Kvasir_Semantic_880_120/val/masks_binary/cju87z6o6nh73085045bzsx6o.png,/kaggle/working/runs/unet_resnet34_640_seed0_100e/pred_masks/cju87z6o6nh73085045bzsx6o.png,0.9866902544357286,0.973730153839888,0.9863310100905309,0.9870497605663396,0.9981829244682916,47408,657,622,360913,0.1172607421875,0.11734619140625
cju87zv8lni0o0850hbbecbq6.jpg,/kaggle/input/datasets/okeydokey0805/kvasir-semantic-880-120/Kvasir_Semantic_880_120/val/images/cju87zv8lni0o0850hbbecbq6.jpg,/kaggle/input/datasets/okeydokey0805/kvasir-semantic-880-120/Kvasir_Semantic_880_120/val/masks_binary/cju87zv8lni0o0850hbbecbq6.png,/kaggle/working/runs/unet_resnet34_640_seed0_100e/pred_masks/cju87zv8lni0o0850hbbecbq6.png,0.9102084890779117,0.8352134146366583,0.8798779508610908,0.9427047487965812,0.9981475427699689,5479,748,333,403040,0.014189453125,0.01520263671875
cju8828oxnool0801qno9luhr.jpg,/kaggle/input/datasets/okeydokey0805/kvasir-semantic-880-120/Kvasir_Semantic_880_120/val/images/cju8828oxnool0801qno9luhr.jpg,/kaggle/input/datasets/okeydokey0805/kvasir-semantic-880-120/Kvasir_Semantic_880_120/val/masks_binary/cju8828oxnool0801qno9luhr.png,/kaggle/working/runs/unet_resnet34_640_seed0_100e/pred_masks/cju8828oxnool0801qno9luhr.png,0.9774051916707466,0.9558088733774125,0.980754366981011,0.9740788126919472,0.9954923968139043,76134,1494,2026,329946,0.1908203125,0.189521484375
cju884985nlmx0817vzpax3y4.jpg,/kaggle/input/datasets/okeydokey0805/kvasir-semantic-880-120/Kvasir_Semantic_880_120/val/images/cju884985nlmx0817vzpax3y4.jpg,/kaggle/input/datasets/okeydokey0805/kvasir-semantic-880-120/Kvasir_Semantic_880_120/val/masks_binary/cju884985nlmx0817vzpax3y4.png,/kaggle/working/runs/unet_resnet34_640_seed0_100e/pred_masks/cju884985nlmx0817vzpax3y4.png,0.8327768991985429,0.7134684865544613,0.7458036088990159,0.9427131680156118,0.9939735212991143,7109,2423,432,399636,0.01841064453125,0.023271484375
cju8ceacrsqkr0755hdz145es.jpg,/kaggle/input/datasets/okeydokey0805/kvasir-semantic-880-120/Kvasir_Semantic_880_120/val/images/cju8ceacrsqkr0755hdz145es.jpg,/kaggle/input/datasets/okeydokey0805/kvasir-semantic-880-120/Kvasir_Semantic_880_120/val/masks_binary/cju8ceacrsqkr0755hdz145es.png,/kaggle/working/runs/unet_resnet34_640_seed0_100e/pred_masks/cju8ceacrsqkr0755hdz145es.png,0.9660145434631514,0.9342631826745865,0.9442098376259787,0.9888501308085907,0.997616542920015,15875,938,179,392608,0.0391943359375,0.04104736328125
cju8cgi2kspp308011nxdtjp6.jpg,/kaggle/input/datasets/okeydokey0805/kvasir-semantic-880-120/Kvasir_Semantic_880_120/val/images/cju8cgi2kspp308011nxdtjp6.jpg,/kaggle/input/datasets/okeydokey0805/kvasir-semantic-880-120/Kvasir_Semantic_880_120/val/masks_binary/cju8cgi2kspp308011nxdtjp6.png,/kaggle/working/runs/unet_resnet34_640_seed0_100e/pred_masks/cju8cgi2kspp308011nxdtjp6.png,0.9134611733437878,0.8407073460554924,0.8430053266060905,0.9967680450816544,0.9943652476649751,12028,2240,39,395293,0.02946044921875,0.034833984375
cju8chdlqsu620755azjty1tj.jpg,/kaggle/input/datasets/okeydokey0805/kvasir-semantic-880-120/Kvasir_Semantic_880_120/val/images/cju8chdlqsu620755azjty1tj.jpg,/kaggle/input/datasets/okeydokey0805/kvasir-semantic-880-120/Kvasir_Semantic_880_120/val/masks_binary/cju8chdlqsu620755azjty1tj.png,/kaggle/working/runs/unet_resnet34_640_seed0_100e/pred_masks/cju8chdlqsu620755azjty1tj.png,0.9652706605795616,0.9328726110349754,0.9707198238505289,0.9598823338661666,0.9965886793276706,41441,1250,1732,365177,0.10540283203125,0.10422607421875
cju8chxndsre008015uisl4si.jpg,/kaggle/input/datasets/okeydokey0805/kvasir-semantic-880-120/Kvasir_Semantic_880_120/val/images/cju8chxndsre008015uisl4si.jpg,/kaggle/input/datasets/okeydokey0805/kvasir-semantic-880-120/Kvasir_Semantic_880_120/val/masks_binary/cju8chxndsre008015uisl4si.png,/kaggle/working/runs/unet_resnet34_640_seed0_100e/pred_masks/cju8chxndsre008015uisl4si.png,0.9590020275612254,0.9212333289322512,0.9732840401787578,0.9451331030282115,0.9990299794598786,13953,383,810,394454,0.03604248046875,0.035
cju8cj10qsrau0871o2dr6ai1.jpg,/kaggle/input/datasets/okeydokey0805/kvasir-semantic-880-120/Kvasir_Semantic_880_120/val/images/cju8cj10qsrau0871o2dr6ai1.jpg,/kaggle/input/datasets/okeydokey0805/kvasir-semantic-880-120/Kvasir_Semantic_880_120/val/masks_binary/cju8cj10qsrau0871o2dr6ai1.png,/kaggle/working/runs/unet_resnet34_640_seed0_100e/pred_masks/cju8cj10qsrau0871o2dr6ai1.png,0.9815543103748624,0.9637767829683772,0.991666666666696,0.9716461103838915,0.999377256459979,28203,237,823,380337,0.0708642578125,0.06943359375
cju8clorgsuwn08714toqb7v6.jpg,/kaggle/input/datasets/okeydokey0805/kvasir-semantic-880-120/Kvasir_Semantic_880_120/val/images/cju8clorgsuwn08714toqb7v6.jpg,/kaggle/input/datasets/okeydokey0805/kvasir-semantic-880-120/Kvasir_Semantic_880_120/val/masks_binary/cju8clorgsuwn08714toqb7v6.png,/kaggle/working/runs/unet_resnet34_640_seed0_100e/pred_masks/cju8clorgsuwn08714toqb7v6.png,0.9278057744244342,0.8653336795639828,0.8802521748320357,0.9807907387423118,0.9810392181465889,49986,6800,979,351835,0.12442626953125,0.1386376953125
cju8cwy02t9eq08185qn12c02.jpg,/kaggle/input/datasets/okeydokey0805/kvasir-semantic-880-120/Kvasir_Semantic_880_120/val/images/cju8cwy02t9eq08185qn12c02.jpg,/kaggle/input/datasets/okeydokey0805/kvasir-semantic-880-120/Kvasir_Semantic_880_120/val/masks_binary/cju8cwy02t9eq08185qn12c02.png,/kaggle/working/runs/unet_resnet34_640_seed0_100e/pred_masks/cju8cwy02t9eq08185qn12c02.png,0.9172042727616564,0.8470704581565982,0.8570046090510325,0.9865002643305141,0.975554907524766,52249,8718,715,347918,0.129306640625,0.14884521484375
cju8czvnztbf40871b4m7t78w.jpg,/kaggle/input/datasets/okeydokey0805/kvasir-semantic-880-120/Kvasir_Semantic_880_120/val/images/cju8czvnztbf40871b4m7t78w.jpg,/kaggle/input/datasets/okeydokey0805/kvasir-semantic-880-120/Kvasir_Semantic_880_120/val/masks_binary/cju8czvnztbf40871b4m7t78w.png,/kaggle/working/runs/unet_resnet34_640_seed0_100e/pred_masks/cju8czvnztbf40871b4m7t78w.png,0.95743738157415,0.9183500009043558,0.9874579501040553,0.9291883188173732,0.9981828324148895,50782,645,3870,354303,0.133427734375,0.12555419921875
cju8d2q30tfhs0801n7lx77xl.jpg,/kaggle/input/datasets/okeydokey0805/kvasir-semantic-880-120/Kvasir_Semantic_880_120/val/images/cju8d2q30tfhs0801n7lx77xl.jpg,/kaggle/input/datasets/okeydokey0805/kvasir-semantic-880-120/Kvasir_Semantic_880_120/val/masks_binary/cju8d2q30tfhs0801n7lx77xl.png,/kaggle/working/runs/unet_resnet34_640_seed0_100e/pred_masks/cju8d2q30tfhs0801n7lx77xl.png,0.9833773541571088,0.9672982971393532,0.9809413348225425,0.9858255025830888,0.9960865487240866,68506,1331,985,338778,0.16965576171875,0.17050048828125
cju8d4jgatgpj0871q2ophhkm.jpg,/kaggle/input/datasets/okeydokey0805/kvasir-semantic-880-120/Kvasir_Semantic_880_120/val/images/cju8d4jgatgpj0871q2ophhkm.jpg,/kaggle/input/datasets/okeydokey0805/kvasir-semantic-880-120/Kvasir_Semantic_880_120/val/masks_binary/cju8d4jgatgpj0871q2ophhkm.png,/kaggle/working/runs/unet_resnet34_640_seed0_100e/pred_masks/cju8d4jgatgpj0871q2ophhkm.png,0.9795489344092865,0.9599175966779784,0.9675768476128719,0.9918210005866223,0.9943332333147601,59177,1983,488,347952,0.14566650390625,0.14931640625
cju8dic9mtppa0987swn23wbc.jpg,/kaggle/input/datasets/okeydokey0805/kvasir-semantic-880-120/Kvasir_Semantic_880_120/val/images/cju8dic9mtppa0987swn23wbc.jpg,/kaggle/input/datasets/okeydokey0805/kvasir-semantic-880-120/Kvasir_Semantic_880_120/val/masks_binary/cju8dic9mtppa0987swn23wbc.png,/kaggle/working/runs/unet_resnet34_640_seed0_100e/pred_masks/cju8dic9mtppa0987swn23wbc.png,0.9749684963960004,0.9511595428706788,0.9861527480371305,0.9640350877193341,0.9956091567511655,96712,1358,3608,307922,0.244921875,0.2394287109375
cju8djdqztu6408506pzhlo18.jpg,/kaggle/input/datasets/okeydokey0805/kvasir-semantic-880-120/Kvasir_Semantic_880_120/val/images/cju8djdqztu6408506pzhlo18.jpg,/kaggle/input/datasets/okeydokey0805/kvasir-semantic-880-120/Kvasir_Semantic_880_120/val/masks_binary/cju8djdqztu6408506pzhlo18.png,/kaggle/working/runs/unet_resnet34_640_seed0_100e/pred_masks/cju8djdqztu6408506pzhlo18.png,0.9586345328838295,0.9205553315865739,0.9240010116339807,0.9959654335795983,0.991941906644108,36535,3005,148,369912,0.08955810546875,0.096533203125
cju8dk7eztzup08182yxko5zh.jpg,/kaggle/input/datasets/okeydokey0805/kvasir-semantic-880-120/Kvasir_Semantic_880_120/val/images/cju8dk7eztzup08182yxko5zh.jpg,/kaggle/input/datasets/okeydokey0805/kvasir-semantic-880-120/Kvasir_Semantic_880_120/val/masks_binary/cju8dk7eztzup08182yxko5zh.png,/kaggle/working/runs/unet_resnet34_640_seed0_100e/pred_masks/cju8dk7eztzup08182yxko5zh.png,0.9736074391467463,0.9485721899011921,0.9967799141310585,0.9514878831078426,0.9998217754267058,21359,69,1089,387083,0.0548046875,0.052314453125
cju8dm2cau2km0818jsv9eeq2.jpg,/kaggle/input/datasets/okeydokey0805/kvasir-semantic-880-120/Kvasir_Semantic_880_120/val/images/cju8dm2cau2km0818jsv9eeq2.jpg,/kaggle/input/datasets/okeydokey0805/kvasir-semantic-880-120/Kvasir_Semantic_880_120/val/masks_binary/cju8dm2cau2km0818jsv9eeq2.png,/kaggle/working/runs/unet_resnet34_640_seed0_100e/pred_masks/cju8dm2cau2km0818jsv9eeq2.png,0.9834127183086996,0.9673667337964585,0.9868763102725642,0.9799733533183863,0.9982686329391205,47074,626,962,360938,0.117275390625,0.116455078125
cju8dn0c3u2v50801k8rvq02f.jpg,/kaggle/input/datasets/okeydokey0805/kvasir-semantic-880-120/Kvasir_Semantic_880_120/val/images/cju8dn0c3u2v50801k8rvq02f.jpg,/kaggle/input/datasets/okeydokey0805/kvasir-semantic-880-120/Kvasir_Semantic_880_120/val/masks_binary/cju8dn0c3u2v50801k8rvq02f.png,/kaggle/working/runs/unet_resnet34_640_seed0_100e/pred_masks/cju8dn0c3u2v50801k8rvq02f.png,0.987858251603797,0.9760078103379539,0.9879159015219989,0.987800608413544,0.9944746663630658,126963,1553,1568,279516,0.31379638671875,0.313759765625
cju8doa16u5gh0818w1ywda3q.jpg,/kaggle/input/datasets/okeydokey0805/kvasir-semantic-880-120/Kvasir_Semantic_880_120/val/images/cju8doa16u5gh0818w1ywda3q.jpg,/kaggle/input/datasets/okeydokey0805/kvasir-semantic-880-120/Kvasir_Semantic_880_120/val/masks_binary/cju8doa16u5gh0818w1ywda3q.png,/kaggle/working/runs/unet_resnet34_640_seed0_100e/pred_masks/cju8doa16u5gh0818w1ywda3q.png,0.9218543482195395,0.855036930026297,0.9964943759831175,0.8576166261331459,0.9923273214826415,252135,887,41860,114718,0.71776123046875,0.6177294921875
cju8dpa89u6l80818dj6lldh9.jpg,/kaggle/input/datasets/okeydokey0805/kvasir-semantic-880-120/Kvasir_Semantic_880_120/val/images/cju8dpa89u6l80818dj6lldh9.jpg,/kaggle/input/datasets/okeydokey0805/kvasir-semantic-880-120/Kvasir_Semantic_880_120/val/masks_binary/cju8dpa89u6l80818dj6lldh9.png,/kaggle/working/runs/unet_resnet34_640_seed0_100e/pred_masks/cju8dpa89u6l80818dj6lldh9.png,0.7111049037410514,0.5517166647661096,0.5549449288669631,0.9895660713189927,0.8924625957457724,48369,38791,510,321930,0.11933349609375,0.21279296875
cju8dqkrqu83i0818ev74qpxq.jpg,/kaggle/input/datasets/okeydokey0805/kvasir-semantic-880-120/Kvasir_Semantic_880_120/val/images/cju8dqkrqu83i0818ev74qpxq.jpg,/kaggle/input/datasets/okeydokey0805/kvasir-semantic-880-120/Kvasir_Semantic_880_120/val/masks_binary/cju8dqkrqu83i0818ev74qpxq.png,/kaggle/working/runs/unet_resnet34_640_seed0_100e/pred_masks/cju8dqkrqu83i0818ev74qpxq.png,0.9402208569712878,0.8871856585932432,0.9483881980208128,0.932192986045778,0.9249712521939569,227800,12397,16570,152833,0.5966064453125,0.58641845703125
cjyzjzssvd8pq0838f4nolj5l.jpg,/kaggle/input/datasets/okeydokey0805/kvasir-semantic-880-120/Kvasir_Semantic_880_120/val/images/cjyzjzssvd8pq0838f4nolj5l.jpg,/kaggle/input/datasets/okeydokey0805/kvasir-semantic-880-120/Kvasir_Semantic_880_120/val/masks_binary/cjyzjzssvd8pq0838f4nolj5l.png,/kaggle/working/runs/unet_resnet34_640_seed0_100e/pred_masks/cjyzjzssvd8pq0838f4nolj5l.png,0.7739338975114427,0.6312334187704878,0.6317163171648289,0.9987904660263338,0.9793095602270337,14038,8184,17,387361,0.03431396484375,0.0542529296875
cjyzk8qieoboa0848ogj51wwm.jpg,/kaggle/input/datasets/okeydokey0805/kvasir-semantic-880-120/Kvasir_Semantic_880_120/val/images/cjyzk8qieoboa0848ogj51wwm.jpg,/kaggle/input/datasets/okeydokey0805/kvasir-semantic-880-120/Kvasir_Semantic_880_120/val/masks_binary/cjyzk8qieoboa0848ogj51wwm.png,/kaggle/working/runs/unet_resnet34_640_seed0_100e/pred_masks/cjyzk8qieoboa0848ogj51wwm.png,0.9760432268559278,0.9532074521651797,0.9761413676818009,0.9759451057621545,0.978541648309359,189307,4627,4666,211000,0.47356689453125,0.4734716796875
cjyzkmjy8evns070165gf9dmq.jpg,/kaggle/input/datasets/okeydokey0805/kvasir-semantic-880-120/Kvasir_Semantic_880_120/val/images/cjyzkmjy8evns070165gf9dmq.jpg,/kaggle/input/datasets/okeydokey0805/kvasir-semantic-880-120/Kvasir_Semantic_880_120/val/masks_binary/cjyzkmjy8evns070165gf9dmq.png,/kaggle/working/runs/unet_resnet34_640_seed0_100e/pred_masks/cjyzkmjy8evns070165gf9dmq.png,0.9416087985667784,0.8896604556914702,0.9830698233254606,0.9035034884306994,0.9983232094852258,36001,620,3845,369134,0.0972802734375,0.08940673828125
cjyzkpsbjdsjq07211dfi4sru.jpg,/kaggle/input/datasets/okeydokey0805/kvasir-semantic-880-120/Kvasir_Semantic_880_120/val/images/cjyzkpsbjdsjq07211dfi4sru.jpg,/kaggle/input/datasets/okeydokey0805/kvasir-semantic-880-120/Kvasir_Semantic_880_120/val/masks_binary/cjyzkpsbjdsjq07211dfi4sru.png,/kaggle/working/runs/unet_resnet34_640_seed0_100e/pred_masks/cjyzkpsbjdsjq07211dfi4sru.png,0.8971929036609154,0.8135537997897405,0.8188898909582776,0.9920540325785453,0.9944710311063959,9988,2209,80,397323,0.024580078125,0.02977783203125
cjyzl833ndne80838pzuq6ila.jpg,/kaggle/input/datasets/okeydokey0805/kvasir-semantic-880-120/Kvasir_Semantic_880_120/val/images/cjyzl833ndne80838pzuq6ila.jpg,/kaggle/input/datasets/okeydokey0805/kvasir-semantic-880-120/Kvasir_Semantic_880_120/val/masks_binary/cjyzl833ndne80838pzuq6ila.png,/kaggle/working/runs/unet_resnet34_640_seed0_100e/pred_masks/cjyzl833ndne80838pzuq6ila.png,0.975770512007595,0.9526873844652215,0.9667480710696419,0.9849629482718479,0.9946941437918109,54629,1879,834,352258,0.13540771484375,0.137958984375
cjyzlw7f9faqr070129au64sq.jpg,/kaggle/input/datasets/okeydokey0805/kvasir-semantic-880-120/Kvasir_Semantic_880_120/val/images/cjyzlw7f9faqr070129au64sq.jpg,/kaggle/input/datasets/okeydokey0805/kvasir-semantic-880-120/Kvasir_Semantic_880_120/val/masks_binary/cjyzlw7f9faqr070129au64sq.png,/kaggle/working/runs/unet_resnet34_640_seed0_100e/pred_masks/cjyzlw7f9faqr070129au64sq.png,0.9269842798334974,0.8639055909542674,0.8645068588494544,0.9991955782754257,0.9837359154644942,38506,6035,31,365028,0.09408447265625,0.10874267578125
cjyztzaqtrv430848l8xgcerw.jpg,/kaggle/input/datasets/okeydokey0805/kvasir-semantic-880-120/Kvasir_Semantic_880_120/val/images/cjyztzaqtrv430848l8xgcerw.jpg,/kaggle/input/datasets/okeydokey0805/kvasir-semantic-880-120/Kvasir_Semantic_880_120/val/masks_binary/cjyztzaqtrv430848l8xgcerw.png,/kaggle/working/runs/unet_resnet34_640_seed0_100e/pred_masks/cjyztzaqtrv430848l8xgcerw.png,0.9507697773567322,0.9061593507681907,0.906404886365025,0.9997011468489675,0.9748248520314812,80283,8290,24,321003,0.19606201171875,0.21624267578125
cjyzu3reghjya0794w7pwoi50.jpg,/kaggle/input/datasets/okeydokey0805/kvasir-semantic-880-120/Kvasir_Semantic_880_120/val/images/cjyzu3reghjya0794w7pwoi50.jpg,/kaggle/input/datasets/okeydokey0805/kvasir-semantic-880-120/Kvasir_Semantic_880_120/val/masks_binary/cjyzu3reghjya0794w7pwoi50.png,/kaggle/working/runs/unet_resnet34_640_seed0_100e/pred_masks/cjyzu3reghjya0794w7pwoi50.png,0.9395890948412555,0.8860613279912537,0.8918074477749468,0.9927807324422301,0.9834624002843314,49094,5956,357,354193,0.12072998046875,0.1343994140625
cjyzu9th0qt4r0a46pyl4zik0.jpg,/kaggle/input/datasets/okeydokey0805/kvasir-semantic-880-120/Kvasir_Semantic_880_120/val/images/cjyzu9th0qt4r0a46pyl4zik0.jpg,/kaggle/input/datasets/okeydokey0805/kvasir-semantic-880-120/Kvasir_Semantic_880_120/val/masks_binary/cjyzu9th0qt4r0a46pyl4zik0.png,/kaggle/working/runs/unet_resnet34_640_seed0_100e/pred_masks/cjyzu9th0qt4r0a46pyl4zik0.png,0.8698395326006827,0.7696602010886961,0.7696602010886961,1.0,0.9788618268692976,27022,8087,0,374491,0.0659716796875,0.08571533203125
cjyzufihqquiw0a46jatrbwln.jpg,/kaggle/input/datasets/okeydokey0805/kvasir-semantic-880-120/Kvasir_Semantic_880_120/val/images/cjyzufihqquiw0a46jatrbwln.jpg,/kaggle/input/datasets/okeydokey0805/kvasir-semantic-880-120/Kvasir_Semantic_880_120/val/masks_binary/cjyzufihqquiw0a46jatrbwln.png,/kaggle/working/runs/unet_resnet34_640_seed0_100e/pred_masks/cjyzufihqquiw0a46jatrbwln.png,0.9668830723443186,0.9358892942915574,0.9367924691850651,0.9989709017858249,0.955774253806796,162111,10938,167,236384,0.3961865234375,0.42248291015625
cjyzuio1qgh040763k56deohv.jpg,/kaggle/input/datasets/okeydokey0805/kvasir-semantic-880-120/Kvasir_Semantic_880_120/val/images/cjyzuio1qgh040763k56deohv.jpg,/kaggle/input/datasets/okeydokey0805/kvasir-semantic-880-120/Kvasir_Semantic_880_120/val/masks_binary/cjyzuio1qgh040763k56deohv.png,/kaggle/working/runs/unet_resnet34_640_seed0_100e/pred_masks/cjyzuio1qgh040763k56deohv.png,0.9059480542513434,0.828066763898427,0.828066763898427,1.0,0.9973769438057808,5110,1061,0,403429,0.0124755859375,0.01506591796875
cjyzul1qggwwj07216mhiv5sy.jpg,/kaggle/input/datasets/okeydokey0805/kvasir-semantic-880-120/Kvasir_Semantic_880_120/val/images/cjyzul1qggwwj07216mhiv5sy.jpg,/kaggle/input/datasets/okeydokey0805/kvasir-semantic-880-120/Kvasir_Semantic_880_120/val/masks_binary/cjyzul1qggwwj07216mhiv5sy.png,/kaggle/working/runs/unet_resnet34_640_seed0_100e/pred_masks/cjyzul1qggwwj07216mhiv5sy.png,0.8968442239956466,0.8129805812597725,0.8131218770375271,0.9997863019553382,0.9889966793047547,18714,4301,4,386581,0.0456982421875,0.05618896484375
cjyzurzvohqnr0794es1itzek.jpg,/kaggle/input/datasets/okeydokey0805/kvasir-semantic-880-120/Kvasir_Semantic_880_120/val/images/cjyzurzvohqnr0794es1itzek.jpg,/kaggle/input/datasets/okeydokey0805/kvasir-semantic-880-120/Kvasir_Semantic_880_120/val/masks_binary/cjyzurzvohqnr0794es1itzek.png,/kaggle/working/runs/unet_resnet34_640_seed0_100e/pred_masks/cjyzurzvohqnr0794es1itzek.png,0.9639275989108089,0.930367026375297,0.9329054661582908,0.9970838718229164,0.9876075889201343,60178,4328,176,344918,0.1473486328125,0.1574853515625
cjz14qsk2wci60794un9ozwmw.jpg,/kaggle/input/datasets/okeydokey0805/kvasir-semantic-880-120/Kvasir_Semantic_880_120/val/images/cjz14qsk2wci60794un9ozwmw.jpg,/kaggle/input/datasets/okeydokey0805/kvasir-semantic-880-120/Kvasir_Semantic_880_120/val/masks_binary/cjz14qsk2wci60794un9ozwmw.png,/kaggle/working/runs/unet_resnet34_640_seed0_100e/pred_masks/cjz14qsk2wci60794un9ozwmw.png,0.9759155682029068,0.952963972404495,0.954284739546783,0.9985497545738542,0.9941224847853517,44755,2144,65,362636,0.109423828125,0.11449951171875
ck2395w2mb4vu07480otsu6tw.jpg,/kaggle/input/datasets/okeydokey0805/kvasir-semantic-880-120/Kvasir_Semantic_880_120/val/images/ck2395w2mb4vu07480otsu6tw.jpg,/kaggle/input/datasets/okeydokey0805/kvasir-semantic-880-120/Kvasir_Semantic_880_120/val/masks_binary/ck2395w2mb4vu07480otsu6tw.png,/kaggle/working/runs/unet_resnet34_640_seed0_100e/pred_masks/ck2395w2mb4vu07480otsu6tw.png,0.9650201806650346,0.9324048282266808,0.9459663137270696,0.98485740065124,0.992002632327437,50210,2868,772,355750,0.1244677734375,0.1295849609375
ck2bxiswtxuw80838qkisqjwz.jpg,/kaggle/input/datasets/okeydokey0805/kvasir-semantic-880-120/Kvasir_Semantic_880_120/val/images/ck2bxiswtxuw80838qkisqjwz.jpg,/kaggle/input/datasets/okeydokey0805/kvasir-semantic-880-120/Kvasir_Semantic_880_120/val/masks_binary/ck2bxiswtxuw80838qkisqjwz.png,/kaggle/working/runs/unet_resnet34_640_seed0_100e/pred_masks/ck2bxiswtxuw80838qkisqjwz.png,0.4651006908226337,0.30301706961624586,0.962328589012426,0.3066545868370512,0.990493564672638,55510,2173,125508,226409,0.4419384765625,0.14082763671875
ck2bxknhjvs1x0794iogrq49k.jpg,/kaggle/input/datasets/okeydokey0805/kvasir-semantic-880-120/Kvasir_Semantic_880_120/val/images/ck2bxknhjvs1x0794iogrq49k.jpg,/kaggle/input/datasets/okeydokey0805/kvasir-semantic-880-120/Kvasir_Semantic_880_120/val/masks_binary/ck2bxknhjvs1x0794iogrq49k.png,/kaggle/working/runs/unet_resnet34_640_seed0_100e/pred_masks/ck2bxknhjvs1x0794iogrq49k.png,0.9076104341757955,0.8308486849113853,0.8651500591368547,0.9544537095558432,0.9797615316557214,46815,7297,2234,353254,0.11974853515625,0.132109375
ck2bxlujamu330725szlc2jdu.jpg,/kaggle/input/datasets/okeydokey0805/kvasir-semantic-880-120/Kvasir_Semantic_880_120/val/images/ck2bxlujamu330725szlc2jdu.jpg,/kaggle/input/datasets/okeydokey0805/kvasir-semantic-880-120/Kvasir_Semantic_880_120/val/masks_binary/ck2bxlujamu330725szlc2jdu.png,/kaggle/working/runs/unet_resnet34_640_seed0_100e/pred_masks/ck2bxlujamu330725szlc2jdu.png,0.9332408217444471,0.8748373960755905,0.8797633943813004,0.993640393139374,0.9946349671220445,15468,2114,99,391919,0.03800537109375,0.0429248046875
ck2bxpfgxu2mk0748gsh7xelu.jpg,/kaggle/input/datasets/okeydokey0805/kvasir-semantic-880-120/Kvasir_Semantic_880_120/val/images/ck2bxpfgxu2mk0748gsh7xelu.jpg,/kaggle/input/datasets/okeydokey0805/kvasir-semantic-880-120/Kvasir_Semantic_880_120/val/masks_binary/ck2bxpfgxu2mk0748gsh7xelu.png,/kaggle/working/runs/unet_resnet34_640_seed0_100e/pred_masks/ck2bxpfgxu2mk0748gsh7xelu.png,0.6723158828756159,0.5063824099461793,0.8536502929255653,0.5545228337252835,0.9932037920642911,15154,2598,12174,379674,0.06671875,0.04333984375
ck2bxqz3evvg20794iiyv5v2m.jpg,/kaggle/input/datasets/okeydokey0805/kvasir-semantic-880-120/Kvasir_Semantic_880_120/val/images/ck2bxqz3evvg20794iiyv5v2m.jpg,/kaggle/input/datasets/okeydokey0805/kvasir-semantic-880-120/Kvasir_Semantic_880_120/val/masks_binary/ck2bxqz3evvg20794iiyv5v2m.png,/kaggle/working/runs/unet_resnet34_640_seed0_100e/pred_masks/ck2bxqz3evvg20794iiyv5v2m.png,0.28050645007338626,0.16313317958497559,0.9634066294722119,0.1641503103529493,0.9994034785493028,5871,223,29895,373611,0.0873193359375,0.0148779296875
ck2bxskgxxzfv08386xkqtqdy.jpg,/kaggle/input/datasets/okeydokey0805/kvasir-semantic-880-120/Kvasir_Semantic_880_120/val/images/ck2bxskgxxzfv08386xkqtqdy.jpg,/kaggle/input/datasets/okeydokey0805/kvasir-semantic-880-120/Kvasir_Semantic_880_120/val/masks_binary/ck2bxskgxxzfv08386xkqtqdy.png,/kaggle/working/runs/unet_resnet34_640_seed0_100e/pred_masks/ck2bxskgxxzfv08386xkqtqdy.png,0.8832966050763845,0.7909858688457966,0.7995257358075059,0.9866763065482798,0.981117003106003,28659,7186,387,373368,0.0709130859375,0.08751220703125
ck2bxw18mmz1k0725litqq2mc.jpg,/kaggle/input/datasets/okeydokey0805/kvasir-semantic-880-120/Kvasir_Semantic_880_120/val/images/ck2bxw18mmz1k0725litqq2mc.jpg,/kaggle/input/datasets/okeydokey0805/kvasir-semantic-880-120/Kvasir_Semantic_880_120/val/masks_binary/ck2bxw18mmz1k0725litqq2mc.png,/kaggle/working/runs/unet_resnet34_640_seed0_100e/pred_masks/ck2bxw18mmz1k0725litqq2mc.png,0.3487751287184936,0.21122206598567553,0.9763154995778052,0.2123099527283663,0.9977318122995563,26588,645,98644,283723,0.3057421875,0.06648681640625
ck2da7fwcjfis07218r1rvm95.jpg,/kaggle/input/datasets/okeydokey0805/kvasir-semantic-880-120/Kvasir_Semantic_880_120/val/images/ck2da7fwcjfis07218r1rvm95.jpg,/kaggle/input/datasets/okeydokey0805/kvasir-semantic-880-120/Kvasir_Semantic_880_120/val/masks_binary/ck2da7fwcjfis07218r1rvm95.png,/kaggle/working/runs/unet_resnet34_640_seed0_100e/pred_masks/ck2da7fwcjfis07218r1rvm95.png,0.9446775039330602,0.8951552795037568,0.9486571879940189,0.9407310704964704,0.9980217104595723,14412,780,908,393500,0.03740234375,0.03708984375
