model,seed,best_epoch,total_epochs,mask_map50_95,mask_map50,mask_precision,mask_recall,box_map50_95,box_map50,box_precision,box_recall,val_seg_loss,val_box_loss,val_cls_loss,val_l1_loss,train_seg_loss,train_box_loss,train_cls_loss,run_path
Baseline,0,89,100,0.73663,0.91363,0.95352,0.8189,0.75226,0.91164,0.95352,0.8189,1.34116,0.69794,0.50044,0.01589,0.86487,0.60414,0.45706,C:\LeDucLuong\HK VII\LuanCuNhan\DeepLearning\Test_Mau\archive\KetQua_Nen\YOLOv26s-seg\Kvasir_BG20_Baseline_YOLO26s_seg_s0_w2
Baseline,1,98,100,0.71649,0.89517,0.85328,0.85039,0.73278,0.87766,0.90445,0.77165,1.27884,0.69224,0.58717,0.0155,0.67891,0.49811,0.23548,C:\LeDucLuong\HK VII\LuanCuNhan\DeepLearning\Test_Mau\archive\KetQua_Nen\YOLOv26s-seg\Kvasir_BG20_Baseline_YOLO26s_seg_s1_w2
Baseline,2,100,100,0.71377,0.90723,0.91387,0.83547,0.72117,0.90177,0.91387,0.83547,1.32917,0.7115,0.53082,0.01594,0.70565,0.50896,0.24281,C:\LeDucLuong\HK VII\LuanCuNhan\DeepLearning\Test_Mau\archive\KetQua_Nen\YOLOv26s-seg\Kvasir_BG20_Baseline_YOLO26s_seg_s2_w2
Baseline,3,61,100,0.69411,0.90518,0.87856,0.8545,0.69053,0.89265,0.87054,0.84721,1.28807,0.79719,0.67022,0.01827,1.03008,0.7789,0.62072,C:\LeDucLuong\HK VII\LuanCuNhan\DeepLearning\Test_Mau\archive\KetQua_Nen\YOLOv26s-seg\Kvasir_BG20_Baseline_YOLO26s_seg_s3_w2
Baseline,4,99,100,0.72741,0.90617,0.93874,0.88189,0.74385,0.90309,0.93036,0.87402,1.43904,0.66545,0.50659,0.01473,0.70217,0.49292,0.23977,C:\LeDucLuong\HK VII\LuanCuNhan\DeepLearning\Test_Mau\archive\KetQua_Nen\YOLOv26s-seg\Kvasir_BG20_Baseline_YOLO26s_seg_s4_w2
Baseline,5,94,100,0.73505,0.92635,0.93179,0.86049,0.74495,0.91891,0.92326,0.85262,1.20219,0.70731,0.5227,0.01552,0.71623,0.5068,0.23984,C:\LeDucLuong\HK VII\LuanCuNhan\DeepLearning\Test_Mau\archive\KetQua_Nen\YOLOv26s-seg\Kvasir_BG20_Baseline_YOLO26s_seg_s5_w2
Baseline,6,81,100,0.71531,0.90795,0.88652,0.86115,0.70833,0.89443,0.86173,0.84252,1.2043,0.73157,0.6615,0.01636,0.92299,0.66844,0.49198,C:\LeDucLuong\HK VII\LuanCuNhan\DeepLearning\Test_Mau\archive\KetQua_Nen\YOLOv26s-seg\Kvasir_BG20_Baseline_YOLO26s_seg_s6_w2
Baseline,7,71,100,0.71449,0.91537,0.89831,0.83468,0.70504,0.90127,0.88983,0.82681,1.24468,0.80078,0.54373,0.01854,0.98287,0.70108,0.55941,C:\LeDucLuong\HK VII\LuanCuNhan\DeepLearning\Test_Mau\archive\KetQua_Nen\YOLOv26s-seg\Kvasir_BG20_Baseline_YOLO26s_seg_s7_w2
Baseline,8,96,100,0.73175,0.93188,0.91142,0.8912,0.73306,0.91157,0.8956,0.87813,1.45007,0.71927,0.49582,0.01661,0.71077,0.51393,0.2503,C:\LeDucLuong\HK VII\LuanCuNhan\DeepLearning\Test_Mau\archive\KetQua_Nen\YOLOv26s-seg\Kvasir_BG20_Baseline_YOLO26s_seg_s8_w2
Baseline,9,84,100,0.72528,0.9097,0.85677,0.89493,0.72994,0.89751,0.84923,0.88706,1.26793,0.71621,0.57177,0.01643,0.94958,0.67325,0.52929,C:\LeDucLuong\HK VII\LuanCuNhan\DeepLearning\Test_Mau\archive\KetQua_Nen\YOLOv26s-seg\Kvasir_BG20_Baseline_YOLO26s_seg_s9_w2
TSVM,0,88,100,0.72451,0.90402,0.93122,0.85286,0.71251,0.89728,0.92262,0.84499,1.2809,0.79314,0.60101,0.01752,0.90977,0.63199,0.44912,C:\LeDucLuong\HK VII\LuanCuNhan\DeepLearning\Test_Mau\archive\KetQua_Nen\Kvasir_BG20_YOLO26s_seg_TSVM\Kvasir_BG20_YOLO26s_seg_TSVM_s0_w2
TSVM,1,98,100,0.72739,0.91154,0.94368,0.86614,0.74407,0.91084,0.94368,0.86614,1.26302,0.68107,0.53605,0.01517,0.69639,0.50981,0.2581,C:\LeDucLuong\HK VII\LuanCuNhan\DeepLearning\Test_Mau\archive\KetQua_Nen\Kvasir_BG20_YOLO26s_seg_TSVM\Kvasir_BG20_YOLO26s_seg_TSVM_s1_w2
TSVM,2,83,100,0.72591,0.90035,0.922,0.83767,0.73151,0.90496,0.93067,0.84554,1.18379,0.73589,0.5808,0.01622,0.88298,0.66845,0.45379,C:\LeDucLuong\HK VII\LuanCuNhan\DeepLearning\Test_Mau\archive\KetQua_Nen\Kvasir_BG20_YOLO26s_seg_TSVM\Kvasir_BG20_YOLO26s_seg_TSVM_s2_w2
TSVM,3,89,100,0.72126,0.91644,0.9188,0.89093,0.72284,0.90721,0.90272,0.87682,1.17774,0.77455,0.68349,0.01728,0.87907,0.63277,0.4712,C:\LeDucLuong\HK VII\LuanCuNhan\DeepLearning\Test_Mau\archive\KetQua_Nen\Kvasir_BG20_YOLO26s_seg_TSVM\Kvasir_BG20_YOLO26s_seg_TSVM_s3_w2
TSVM,4,97,100,0.7197,0.90244,0.90178,0.86756,0.73128,0.89086,0.8936,0.85968,1.23637,0.74514,0.58602,0.01643,0.69354,0.4852,0.25443,C:\LeDucLuong\HK VII\LuanCuNhan\DeepLearning\Test_Mau\archive\KetQua_Nen\Kvasir_BG20_YOLO26s_seg_TSVM\Kvasir_BG20_YOLO26s_seg_TSVM_s4_w2
TSVM,5,90,100,0.72845,0.90959,0.90131,0.88189,0.7398,0.9113,0.89557,0.87785,1.30203,0.75114,0.53301,0.01684,0.91839,0.64875,0.48434,C:\LeDucLuong\HK VII\LuanCuNhan\DeepLearning\Test_Mau\archive\KetQua_Nen\Kvasir_BG20_YOLO26s_seg_TSVM\Kvasir_BG20_YOLO26s_seg_TSVM_s5_w2
TSVM,6,95,100,0.72537,0.90062,0.92226,0.85039,0.72572,0.89482,0.91361,0.83465,1.24725,0.67509,0.64366,0.01506,0.69845,0.50466,0.27622,C:\LeDucLuong\HK VII\LuanCuNhan\DeepLearning\Test_Mau\archive\KetQua_Nen\Kvasir_BG20_YOLO26s_seg_TSVM\Kvasir_BG20_YOLO26s_seg_TSVM_s6_w2
TSVM,7,88,100,0.7065,0.89027,0.85949,0.84252,0.69919,0.88458,0.85949,0.84252,1.23712,0.74955,0.83094,0.01665,0.87746,0.63006,0.43893,C:\LeDucLuong\HK VII\LuanCuNhan\DeepLearning\Test_Mau\archive\KetQua_Nen\Kvasir_BG20_YOLO26s_seg_TSVM\Kvasir_BG20_YOLO26s_seg_TSVM_s7_w2
TSVM,8,93,100,0.73385,0.91026,0.88831,0.87675,0.74239,0.8971,0.88033,0.86887,1.23709,0.69791,0.57571,0.01527,0.71803,0.51398,0.28277,C:\LeDucLuong\HK VII\LuanCuNhan\DeepLearning\Test_Mau\archive\KetQua_Nen\Kvasir_BG20_YOLO26s_seg_TSVM\Kvasir_BG20_YOLO26s_seg_TSVM_s8_w2
TSVM,9,96,100,0.73285,0.91663,0.92884,0.85827,0.73591,0.90719,0.92015,0.85039,1.25856,0.7016,0.57744,0.01568,0.69006,0.50292,0.25867,C:\LeDucLuong\HK VII\LuanCuNhan\DeepLearning\Test_Mau\archive\KetQua_Nen\Kvasir_BG20_YOLO26s_seg_TSVM\Kvasir_BG20_YOLO26s_seg_TSVM_s9_w2
