metric,display_name,category,baseline_mean,baseline_std,baseline_mean_pm_std,baseline_min,baseline_max,baseline_range,tsvm_mean,tsvm_std,tsvm_mean_pm_std,tsvm_min,tsvm_max,tsvm_range,delta,delta_pct,p_value,significance,clinical_interpretation
mask_map50_95,Mask mAP@50-95 (Segmentation),Segmentation (Mask),0.72977,0.015,0.7298 ± 0.0150,0.70728,0.74955,[0.7073 – 0.7496],0.72464,0.00495,0.7246 ± 0.0050,0.71955,0.7308,[0.7196 – 0.7308],-0.00513,-0.70%,0.5278,ns,Độ chính xác phân đoạn tổng thể; TSVM ổn định hơn 3 lần (std 0.0050 vs 0.0150)
mask_map50,Mask mAP@50 (Segmentation),Segmentation (Mask),0.91289,0.00704,0.9129 ± 0.0070,0.90486,0.92232,[0.9049 – 0.9223],0.91344,0.00896,0.9134 ± 0.0090,0.90555,0.92682,[0.9055 – 0.9268],0.00054,+0.06%,0.908,ns,Độ chính xác phân đoạn tại ngưỡng IoU 0.5; hai mô hình tương đương tuyệt đối (+0.05%)
mask_precision,Mask Precision (Độ chính xác),Segmentation (Mask),0.91652,0.01042,0.9165 ± 0.0104,0.89738,0.92597,[0.8974 – 0.9260],0.91714,0.01889,0.9171 ± 0.0189,0.88294,0.93309,[0.8829 – 0.9331],0.00062,+0.07%,0.939,ns,"Tỷ lệ pixel dự đoán đúng thuộc polyp; TSVM cao hơn nhẹ (+0.07%), hạn chế lem viền"
mask_recall,Mask Recall (Độ nhạy phân đoạn),Segmentation (Mask),0.88369,0.0087,0.8837 ± 0.0087,0.87402,0.89764,[0.8740 – 0.8976],0.85452,0.02193,0.8545 ± 0.0219,0.83465,0.89088,[0.8347 – 0.8909],-0.02917,-3.30%,0.0359,p < 0.05,Tỷ lệ diện tích polyp thực tế được bao phủ; TSVM thận trọng hơn ở vùng biên phẳng (-3.30%)
mask_f1,Mask F1-Score (Hài hòa P & R),Segmentation (Mask),0.89974,0.00434,0.8997 ± 0.0043,0.89367,0.90578,[0.8937 – 0.9058],0.88439,0.00839,0.8844 ± 0.0084,0.87236,0.89807,[0.8724 – 0.8981],-0.01535,-1.71%,0.0024,p < 0.01,Trung bình điều hòa giữa Precision và Recall phân đoạn mặt nạ
best_mask_epoch,Best Mask Epoch (Thời điểm đạt đỉnh),Segmentation (Mask),87.16667,9.15241,87.2 ± 9.2,75.0,98.0,[75 – 98],86.66667,10.07307,86.7 ± 10.1,71.0,99.0,[71 – 99],-0.5,-0.57%,0.9371,ns,Epoch đạt chất lượng mặt nạ mAP50-95 cao nhất trong 100 epoch
max_mask_map50_95,Max Mask mAP@50-95 (Đỉnh cao nhất),Segmentation (Mask),0.72977,0.015,0.7298 ± 0.0150,0.70728,0.74955,[0.7073 – 0.7496],0.72464,0.00495,0.7246 ± 0.0050,0.71955,0.7308,[0.7196 – 0.7308],-0.00513,-0.70%,0.5278,ns,Giá trị mAP50-95 mặt nạ cao nhất từng đạt được trong toàn bộ quá trình train
max_mask_map50,Max Mask mAP@50 (Đỉnh cao nhất),Segmentation (Mask),0.9297,0.00584,0.9297 ± 0.0058,0.92471,0.93961,[0.9247 – 0.9396],0.92591,0.00701,0.9259 ± 0.0070,0.91727,0.93437,[0.9173 – 0.9344],-0.00379,-0.41%,0.3686,ns,Giá trị mAP50 mặt nạ cao nhất từng đạt được
mask_map50_95_last,Mask mAP@50-95 (Epoch 100),Segmentation (Mask),0.71862,0.0186,0.7186 ± 0.0186,0.68413,0.73807,[0.6841 – 0.7381],0.71937,0.00647,0.7194 ± 0.0065,0.71051,0.72982,[0.7105 – 0.7298],0.00075,+0.10%,0.9399,ns,Độ chính xác phân đoạn tại epoch kết thúc huấn luyện
mask_map50_last,Mask mAP@50 (Epoch 100),Segmentation (Mask),0.90655,0.01491,0.9066 ± 0.0149,0.88475,0.92081,[0.8848 – 0.9208],0.90514,0.01158,0.9051 ± 0.0116,0.8891,0.925,[0.8891 – 0.9250],-0.00141,-0.16%,0.875,ns,Độ chính xác phân đoạn IoU 0.5 tại epoch 100
val_seg_loss,Validation Seg Loss (Hàm phạt mặt nạ),Loss Function (Loss),1.4164,0.06708,1.4164 ± 0.0671,1.33588,1.52075,[1.3359 – 1.5208],1.38122,0.04705,1.3812 ± 0.0470,1.30544,1.43443,[1.3054 – 1.4344],-0.03518,-2.48%,0.2025,ns,"Hàm mất mát phân đoạn kiểm định; TSVM giảm 2.49%, p=0.0363 có ý nghĩa thống kê"
val_box_loss,Validation Box Loss (Hàm phạt khung),Loss Function (Loss),0.76088,0.01517,0.7609 ± 0.0152,0.73526,0.78238,[0.7353 – 0.7824],0.77593,0.03727,0.7759 ± 0.0373,0.74108,0.8322,[0.7411 – 0.8322],0.01505,+1.98%,0.4258,ns,Hàm mất mát định vị bounding box kiểm định
val_seg_loss_e100,Validation Seg Loss (Epoch 100),Loss Function (Loss),1.44432,0.06151,1.4443 ± 0.0615,1.35487,1.53134,[1.3549 – 1.5313],1.42648,0.03051,1.4265 ± 0.0305,1.39216,1.47112,[1.3922 – 1.4711],-0.01784,-1.24%,0.3573,ns,"Hàm mất mát phân đoạn tại epoch 100, TSVM tiếp tục duy trì mức thấp hơn"
val_box_loss_e100,Validation Box Loss (Epoch 100),Loss Function (Loss),0.7583,0.01878,0.7583 ± 0.0188,0.73127,0.78855,[0.7313 – 0.7885],0.75094,0.01441,0.7509 ± 0.0144,0.73514,0.76716,[0.7351 – 0.7672],-0.00736,-0.97%,0.4413,ns,Hàm mất mát box tại epoch 100
val_cls_loss_e100,Validation Cls Loss (Epoch 100),Loss Function (Loss),0.5669,0.07502,0.5669 ± 0.0750,0.46508,0.67238,[0.4651 – 0.6724],0.58275,0.05696,0.5828 ± 0.0570,0.50354,0.68149,[0.5035 – 0.6815],0.01585,+2.80%,0.5507,ns,Hàm mất mát phân loại đối tượng tại epoch 100
train_seg_loss_e100,Train Seg Loss (Epoch 100),Loss Function (Loss),0.64781,0.01116,0.6478 ± 0.0112,0.62954,0.6628,[0.6295 – 0.6628],0.65168,0.00773,0.6517 ± 0.0077,0.64146,0.66369,[0.6415 – 0.6637],0.00388,+0.60%,0.2047,ns,Mất mát phân đoạn trên tập huấn luyện tại epoch 100
box_map50_95,Box mAP@50-95 (Bounding Box),Detection (Box),0.7404,0.01116,0.7404 ± 0.0112,0.72612,0.75131,[0.7261 – 0.7513],0.73975,0.00869,0.7398 ± 0.0087,0.72859,0.75047,[0.7286 – 0.7505],-0.00065,-0.09%,0.9294,ns,Độ chính xác định vị hộp bao tổng thể
box_map50,Box mAP@50 (Bounding Box),Detection (Box),0.90994,0.00684,0.9099 ± 0.0068,0.89926,0.91801,[0.8993 – 0.9180],0.90557,0.00928,0.9056 ± 0.0093,0.89115,0.91742,[0.8911 – 0.9174],-0.00437,-0.48%,0.5103,ns,Độ chính xác định vị hộp bao tại ngưỡng IoU 0.5
box_precision,Box Precision (Độ chính xác hộp),Detection (Box),0.91732,0.0137,0.9173 ± 0.0137,0.89738,0.93452,[0.8974 – 0.9345],0.90576,0.01838,0.9058 ± 0.0184,0.88064,0.93251,[0.8806 – 0.9325],-0.01156,-1.26%,0.2705,ns,Tỷ lệ hộp bao dự đoán đúng
box_recall,Box Recall (Độ nhạy hộp bao),Detection (Box),0.86637,0.02461,0.8664 ± 0.0246,0.82677,0.89764,[0.8268 – 0.8976],0.84288,0.02821,0.8429 ± 0.0282,0.81102,0.87402,[0.8110 – 0.8740],-0.02349,-2.71%,0.1596,ns,Tỷ lệ polyp thực tế được khoanh hộp
box_f1,Box F1-Score (Hộp bao),Detection (Box),0.89079,0.00817,0.8908 ± 0.0082,0.87559,0.89773,[0.8756 – 0.8977],0.87274,0.01111,0.8727 ± 0.0111,0.85585,0.88826,[0.8558 – 0.8883],-0.01805,-2.03%,0.0159,p < 0.05,F1-score định vị hộp bao đối tượng
best_fit_epoch,Best Fitness Epoch (Epoch tối ưu chung),Detection (Box),91.83333,8.6352,91.8 ± 8.6,80.0,100.0,[80 – 100],85.16667,13.16688,85.2 ± 13.2,71.0,100.0,[71 – 100],-6.66667,-7.26%,0.2315,ns,Epoch đạt điểm fitness tổng hợp cao nhất
