image_name,split,width,height,number_of_polyps,polygon_points,contour_area,bbox_width,bbox_height,bbox_area
cju0qkwl35piu0993l0dewei2.jpg,train,622,529,1,23,92519.00,391,332,129812.00
cju0qoxqj9q6s0835b43399p4.jpg,train,1348,1070,1,19,389246.50,718,764,548552.00
cju0qx73cjw570799j4n5cjze.jpg,train,619,529,1,43,103701.00,355,511,181405.00
cju0roawvklrq0799vmjorwfv.jpg,train,622,528,2,34,6284.50,107,78,8346.00
cju0roawvklrq0799vmjorwfv.jpg,train,622,528,2,26,28929.50,135,296,39960.00
cju0rx1idathl0835detmsp84.jpg,train,617,528,1,34,23406.50,188,220,41360.00
cju0s2a9ekvms080138tjjpxr.jpg,train,626,547,1,27,70467.50,246,373,91758.00
cju171py4qiha0835u8sl59ds.jpg,train,616,530,1,36,119028.00,410,419,171790.00
cju175facms5f0993a5tjikvt.jpg,train,621,528,1,31,74857.50,438,305,133590.00
cju17bz250pgd0799u1hqkj5u.jpg,train,626,547,1,17,30707.50,181,265,47965.00
cju17g6ykn1cs0993dww6qdi8.jpg,train,605,510,1,38,96283.50,414,386,159804.00
cju17hw9hr9c5098800fu4u8e.jpg,train,623,528,1,27,7773.50,122,85,10370.00
cju17otoe119u0799nqcbl8n1.jpg,train,519,511,1,33,162887.00,503,453,227859.00
cju17r8il13910799dr2wme2e.jpg,train,622,531,1,53,3877.00,71,76,5396.00
cju17v6ih0u7808783zcbg1jy.jpg,train,622,528,1,32,114643.50,335,445,149075.00
cju17x0j4nfc10993y31pvlgs.jpg,train,459,526,1,16,169127.50,459,526,241434.00
cju17z0qongpa0993de4boim4.jpg,train,622,529,1,19,16503.00,149,160,23840.00
cju1819curo000988pd5xcqme.jpg,train,600,529,1,23,33777.50,230,205,47150.00
cju183od81ff608017ekzif89.jpg,train,622,511,2,16,16024.00,178,124,22072.00
cju183od81ff608017ekzif89.jpg,train,622,511,2,19,31940.50,185,219,40515.00
cju1871y11d6r0799k6cw4yze.jpg,train,480,531,1,20,38683.00,224,237,53088.00
cju18849rrsgr0988p90hkygb.jpg,train,619,528,1,16,37139.00,253,180,45540.00
cju18gzrq18zw0878wbf4ftw6.jpg,train,626,546,1,22,25851.00,237,191,45267.00
cju18ibp219ub08783i6o98g7.jpg,train,615,528,1,32,5886.00,74,111,8214.00
cju18kevfrojc0835bn90f1in.jpg,train,621,528,1,22,17269.00,217,145,31465.00
cju1alwgo30z60855fm3y23sm.jpg,train,622,529,1,24,27638.50,186,251,46686.00
cju1amqw6p8pw0993d9gc5crl.jpg,train,622,547,1,21,8164.00,134,89,11926.00
cju1aqqv02qwz0878a5cyhr67.jpg,train,626,547,1,21,18927.00,193,194,37442.00
cju1ats0y372e08011yazcsxm.jpg,train,623,528,1,21,50943.00,207,345,71415.00
cju1b0y2e396p08558ois175d.jpg,train,626,546,1,25,13586.00,131,162,21222.00
cju1b3zgj3d8e0801kpolea6c.jpg,train,601,528,1,22,44556.00,354,248,87792.00
cju1b75x63ddl0799sdp0i2j3.jpg,train,549,530,1,20,19312.50,134,221,29614.00
cju1bhnfitmge0835ynls0l6b.jpg,train,622,531,1,21,26778.50,234,162,37908.00
cju1bm8063nmh07996rsjjemq.jpg,train,607,530,1,33,77909.50,319,350,111650.00
cju1brhsj3rls0855a1vgdlen.jpg,train,570,530,1,19,11859.00,136,132,17952.00
cju1c0qb4tzi308355wtsnp0y.jpg,train,622,530,1,24,114441.50,460,396,182160.00
cju1c3218411b08014g9f6gig.jpg,train,626,546,1,22,53923.00,392,182,71344.00
cju1c4fcu40hl07992b8gj0c8.jpg,train,626,546,1,14,18371.00,165,158,26070.00
cju1c6yfz42md08550zgoz3pw.jpg,train,536,530,1,19,75621.00,332,279,92628.00
cju1c8ffau5770835g0g343o8.jpg,train,622,529,1,21,11537.50,121,144,17424.00
cju1cbokpuiw70988j4lq1fpi.jpg,train,615,529,1,22,13487.00,131,173,22663.00
cju1cdxvz48hw0801i0fjwcnk.jpg,train,577,505,1,20,18511.50,158,166,26228.00
cju1cfhyg48bb0799cl5pr2jh.jpg,train,626,547,1,22,55826.50,243,322,78246.00
cju1cj3f0qi5n0993ut8f49rj.jpg,train,616,530,1,28,76181.00,312,325,101400.00
cju1cnnziug1l0835yh4ropyg.jpg,train,570,531,1,30,57841.00,339,273,92547.00
cju1cqc7n4gpy0855jt246k68.jpg,train,616,529,1,19,11062.50,157,113,17741.00
cju1csmlc4ht10799b8ymmghg.jpg,train,612,546,1,19,43379.00,249,250,62250.00
cju1cu1u2474n0878tt7v4tdr.jpg,train,621,531,2,73,2576.50,54,68,3672.00
cju1cu1u2474n0878tt7v4tdr.jpg,train,621,531,2,56,4003.00,58,95,5510.00
cju1cvkfwqrec0993wbp1jlzm.jpg,train,622,531,1,18,13708.00,143,133,19019.00
cju1cyjb5qtie0993njqne9m3.jpg,train,626,547,1,25,173046.50,469,453,212457.00
cju1d31sp4d4k0878r3fr02ul.jpg,train,622,529,1,14,26774.00,191,192,36672.00
cju1d50a94qf50855wsowacrc.jpg,train,622,530,1,20,19787.50,182,161,29302.00
cju1d96gsv62d09881b3wecw2.jpg,train,622,528,1,30,82580.50,354,425,150450.00
cju1ddr6p4k5z08780uuuzit2.jpg,train,570,531,1,31,9420.00,85,147,12495.00
cju1dfeupuzlw0835gnxip369.jpg,train,1348,1070,1,16,102276.50,354,365,129210.00
cju1dg44i4z3w0801nyz4p6zf.jpg,train,623,528,1,30,2760.50,30,146,4380.00
cju1dhfok4mhe0878jlgrag0h.jpg,train,626,546,1,19,20619.50,145,195,28275.00
cju1dia8hvc6v098827mgffnm.jpg,train,616,528,1,18,13609.50,129,139,17931.00
cju1djtprvd7b0988thwwrg09.jpg,train,590,529,1,23,18384.50,133,202,26866.00
cju1dnz61vfp40988e78bkjga.jpg,train,627,547,1,22,19591.50,156,217,33852.00
cju1dq3x1vgx109889c7wyirg.jpg,train,617,513,1,22,33926.50,195,248,48360.00
cju1drnhbrb9409935wi7vkhg.jpg,train,619,529,1,31,118786.50,502,480,240960.00
cju1efbr0rqxz09931z0lf4vf.jpg,train,622,529,1,19,19495.00,159,161,25599.00
cju1egh885m1l0855ci1lt37c.jpg,train,566,531,1,28,7311.50,85,129,10965.00
cju1egx9pvz2n0988eoy8jp23.jpg,train,622,529,1,32,5087.00,72,93,6696.00
cju1ejj7dvqfa0835ra184v5m.jpg,train,619,547,1,20,50213.50,286,330,94380.00
cju1erep75us208553i4ofwwe.jpg,train,613,547,1,23,58907.50,311,302,93922.00
cju1euant5l960878iqj5vvto.jpg,train,622,531,1,18,18943.00,142,185,26270.00
cju1euuc65wm00799m4sjdnnn.jpg,train,570,530,1,19,11194.00,126,127,16002.00
cju1ewnoh5z030855vpex9uzt.jpg,train,622,529,1,20,33192.50,250,221,55250.00
cju1expq45zst0855rjqwwj4m.jpg,train,622,529,1,24,92334.50,325,375,121875.00
cju1f15k3w4ct0835cmde6ypo.jpg,train,572,547,1,20,40611.50,233,249,58017.00
cju1f320ewfyu0988ndz6blh5.jpg,train,571,530,1,23,32527.50,305,213,64965.00
cju1f5x1164xv08555654c24r.jpg,train,622,530,1,18,39790.50,164,369,60516.00
cju1f79yhsb5w0993txub59ol.jpg,train,623,528,1,51,3432.50,70,69,4830.00
cju1f8w0t65en0799m9oacq0q.jpg,train,622,528,1,21,29991.00,186,278,51708.00
cju1fb9236a110801yvg0fwju.jpg,train,626,547,1,25,107745.50,381,479,182499.00
cju1ffnjn6ctm08015perkg37.jpg,train,626,547,1,21,71025.00,279,383,106857.00
cju1fj6axwfp30835ukhuzhw9.jpg,train,576,547,1,17,76377.00,296,369,109224.00
cju1fjsb4sipq09931lvd8e41.jpg,train,622,530,1,14,22654.50,186,157,29202.00
cju1fm3id6gl50801r3fok20c.jpg,train,622,531,1,32,8587.50,111,100,11100.00
cju1fmsyf6gxb0801cimx2gle.jpg,train,570,531,1,19,23782.50,201,169,33969.00
cju1fr4etsmrr09933u4t4aql.jpg,train,570,521,1,30,82560.00,314,354,111156.00
cju1ftaji6isw0855108yqcse.jpg,train,562,502,1,23,40968.50,241,223,53743.00
cju1fuoa4wmc50835qfd11sp9.jpg,train,621,528,1,20,26559.50,131,260,34060.00
cju1fyb1d69et0878muzdak9u.jpg,train,622,528,1,24,32139.50,159,280,44520.00
cju1g20bdwq6u0835e16xugcd.jpg,train,622,531,1,21,63947.50,231,357,82467.00
cju1g4nsb6ngy0799l4ezm8ab.jpg,train,568,529,1,18,30799.50,204,191,38964.00
cju1gghyjwxt80835vx0wgxw0.jpg,train,621,529,1,33,68412.00,333,288,95904.00
cju1gi7jlwyld0835cdf6g6qz.jpg,train,611,529,1,22,15052.00,153,133,20349.00
cju1gkndf6yi10801o1qnje19.jpg,train,623,528,1,21,34433.50,253,200,50600.00
cju1gv7106qd008784gk603mg.jpg,train,622,531,1,26,49055.50,225,302,67950.00
cju1h5w4wxajx0835mc954kxy.jpg,train,622,528,1,18,27507.50,168,235,39480.00
cju1h89h6xbnx08352k2790o9.jpg,train,570,531,1,21,25151.00,180,182,32760.00
cju1haab178i70799tk9z8y8x.jpg,train,525,531,1,20,28630.50,192,212,40704.00
cju1hhj6mxfp90835n3wofrap.jpg,train,622,530,1,20,11547.50,98,182,17836.00
cju1hirfi7ekp0855q0vgm9qq.jpg,train,605,529,1,21,14745.00,136,146,19856.00
cju1hmff8tkp809931jps6fbr.jpg,train,587,530,1,34,120854.00,446,381,169926.00
cju1hp9i2xu8e0988u2dazk7m.jpg,train,490,531,1,22,33085.00,221,210,46410.00
cju1hs0za7jha0855vj0mdrjt.jpg,train,571,531,1,23,52602.00,245,281,68845.00
cju1hyolc7aqu0878rrkfn1lr.jpg,train,1348,1070,1,16,109743.00,381,393,149733.00
cju2hdr06v2bq0799mbm3bks1.jpg,train,621,530,1,17,77087.50,279,406,113274.00
cju2hewssldzx0835ep795xu0.jpg,train,576,530,1,14,12738.50,119,149,17731.00
cju2hfqnmhisa0993gpleeldd.jpg,train,621,530,2,64,2029.00,45,77,3465.00
cju2hfqnmhisa0993gpleeldd.jpg,train,621,530,2,44,3973.00,72,78,5616.00
cju2hgsptlfam0835o3b59h1o.jpg,train,530,528,1,41,6763.50,88,108,9504.00
cju2hjrqcvi2j0801bx1i6gxg.jpg,train,599,531,2,46,3372.00,75,62,4650.00
cju2hjrqcvi2j0801bx1i6gxg.jpg,train,599,531,2,67,1390.50,46,46,2116.00
cju2hlm19vjjf0801o69qnber.jpg,train,570,530,1,18,44478.00,223,274,61102.00
cju2hos57llxm08359g92p6jj.jpg,train,622,529,1,26,43926.50,214,283,60562.00
cju2hqt33lmra0988fr5ijv8j.jpg,train,602,528,1,21,47213.00,214,295,63130.00
cju2htabevq9108015qjei0x7.jpg,train,332,487,1,26,73458.50,300,377,113100.00
cju2hugv9vget0799hhk7ksvg.jpg,train,613,529,1,53,5074.00,85,81,6885.00
cju2hw5gjlr5h0988so2qqres.jpg,train,621,530,1,22,63906.50,283,293,82919.00
cju2hx006vidl0799igm81vmh.jpg,train,622,528,1,31,8213.50,108,106,11448.00
cju2i03ptvkiu0799xbbd4det.jpg,train,600,528,1,23,25342.00,166,242,40172.00
cju2i3hzclw3o0988rrgh911i.jpg,train,598,531,1,29,98192.50,384,386,148224.00
cju2i6acqvo6l0799u20fift8.jpg,train,623,546,1,23,46689.00,231,296,68376.00
cju2i8br1vqtd08784u6vmcjk.jpg,train,622,531,1,22,61049.00,349,243,84807.00
cju2iatlki5u309930zmgkv6h.jpg,train,621,522,1,25,77343.50,315,416,131040.00
cju2igw4gvxds0878808qj398.jpg,train,626,546,1,30,149279.50,467,546,254982.00
cju2ij9uiic2l09933ljiv6gm.jpg,train,617,530,1,20,11668.00,199,122,24278.00
cju2lberzkdzm09938cl40pog.jpg,train,605,528,1,30,66694.00,397,264,104808.00
cju2lcyfgkf5809932fn9gucn.jpg,train,571,530,1,19,19019.50,175,147,25725.00
cju2lejzcy4pc0878c9rlonot.jpg,train,571,530,1,25,65435.50,345,270,93150.00
cju2lyynuymli0855g7fxgbhe.jpg,train,612,519,1,25,14217.00,142,156,22152.00
cju2lz8vqktne0993fuym6drw.jpg,train,613,531,1,15,19091.50,173,158,27334.00
cju2m56cryvqd0801gtn2yp8t.jpg,train,616,546,1,21,13223.00,130,140,18200.00
cju2m71z2ywwv080131bcrsd3.jpg,train,570,531,1,17,26680.00,187,208,38896.00
cju2ma647l0nj0993ot4deq2q.jpg,train,621,547,2,19,16804.50,191,122,23302.00
cju2ma647l0nj0993ot4deq2q.jpg,train,621,547,2,18,26183.50,170,218,37060.00
cju2mfjndoz700988b9lc3zeq.jpg,train,622,531,1,24,31279.50,211,221,46631.00
cju2mh8t6p07008350e01tx2a.jpg,train,588,528,1,19,19099.50,152,175,26600.00
cju2nbdpmlmcj0993s1cht0dz.jpg,train,584,530,1,31,78088.00,365,330,120450.00
cju2nd7l7z98o0799gfjvyfmw.jpg,train,1348,1070,1,14,266699.50,585,538,314730.00
cju2nfnvxzdkd0878399axlco.jpg,train,598,546,1,23,39193.00,310,200,62000.00
cju2nguelpmlj0835rojdn097.jpg,train,591,529,1,14,51529.50,254,286,72644.00
cju2nnqrqzp580855z8mhzgd6.jpg,train,569,518,1,25,169479.50,569,472,268568.00
cju2np2k9zi3v079992ypxqkn.jpg,train,603,531,1,19,31876.50,269,211,56759.00
cju2nqapmzvk20801f9us40dx.jpg,train,626,547,2,30,7855.00,120,93,11160.00
cju2nqapmzvk20801f9us40dx.jpg,train,626,547,2,19,37028.00,203,244,49532.00
cju2nsmwjlzyl0993jl80chvz.jpg,train,625,547,1,14,16194.00,147,147,21609.00
cju2ntxtdzlvu0799xl3j9pan.jpg,train,626,547,1,23,9017.00,151,104,15704.00
cju2nyc5f02m40801ojqbtiea.jpg,train,622,531,1,18,31823.50,212,204,43248.00
cju2oi8sq0i2y0801mektzvw8.jpg,train,1348,1070,1,34,1099180.00,1346,1070,1440220.00
cju2okvco06xc0799kxe5n1qh.jpg,train,577,530,1,21,100907.00,423,335,141705.00
cju2omjpeqj5a0988pjdlb8l1.jpg,train,566,530,1,18,78066.50,325,377,122525.00
cju2oo0wh0bqy0878biujeyhe.jpg,train,621,530,1,20,26826.00,194,192,37248.00
cju2oq5570avm079959o20op1.jpg,train,626,547,1,20,67465.50,395,217,85715.00
cju2osuru0ki00855txo0n3uu.jpg,train,594,528,1,26,54779.00,269,280,75320.00
cju2otvvv0l7z0855x7we8cb0.jpg,train,571,531,1,18,21902.00,206,172,35432.00
cju2ouil2mssu0993hvxsed6d.jpg,train,605,511,1,26,9186.00,114,116,13224.00
cju2p0eveqtdc0835gpi3p93i.jpg,train,622,528,1,21,35932.50,225,245,55125.00
cju2p4ddkmzxj0993p94o62av.jpg,train,592,529,1,16,26247.00,180,193,34740.00
cju2p91qir00k08350ddfif0w.jpg,train,1348,1070,1,24,72972.00,423,262,110826.00
cju2pag1f0s4r0878h52uq83s.jpg,train,570,530,1,16,16066.50,144,158,22752.00
cju2phaksnahz0993yxogjcpv.jpg,train,622,528,1,15,15446.50,130,182,23660.00
cju2pjb9v0ywn0878j5g5n69j.jpg,train,622,529,1,22,29199.50,174,231,40194.00
cju2pkwt3r8b90988v2ywq1px.jpg,train,622,530,1,15,21191.50,186,163,30318.00
cju2pmhtr17a00855cvpelzb0.jpg,train,622,530,1,16,33225.00,214,216,46224.00
cju2qdj95ru8g09886gfi9rsz.jpg,train,571,531,1,25,129081.50,497,398,197806.00
cju2qfie4rvz508357kad9z5o.jpg,train,622,529,1,17,33578.50,179,311,55669.00
cju2qh5le1ock0878oahaql7d.jpg,train,622,530,1,19,46332.50,236,297,70092.00
cju2qn2fzs1vy0988l243cvzy.jpg,train,597,547,1,20,67162.50,329,313,102977.00
cju2qozsk20cq0855ugrg3cri.jpg,train,626,546,1,20,35633.00,209,266,55594.00
cju2qqn5ys4uo0988ewrt2ip2.jpg,train,626,546,1,28,174946.50,501,516,258516.00
cju2qs32r1vys07999conmbvx.jpg,train,622,528,1,40,5252.50,77,102,7854.00
cju2qtee81yd708787bsjr75d.jpg,train,511,530,1,19,29774.50,218,193,42074.00
cju2qu37qobl50993aw7ghcfq.jpg,train,543,528,1,16,12941.00,154,124,19096.00
cju2qvuj1s9ok0835tp2k4ozh.jpg,train,605,531,1,24,99124.00,388,410,159080.00
cju2qxxko229x08786gvxxhur.jpg,train,484,530,1,30,91882.00,339,411,139329.00
cju2qz06823a40878ojcz9ccx.jpg,train,603,530,1,17,34020.00,252,203,51156.00
cju2r11x7sdgx0988o8ule0wl.jpg,train,622,528,1,20,45238.00,286,243,69498.00
cju2r2obh2bjm08553kng0rh7.jpg,train,474,458,1,16,43641.50,247,235,58045.00
cju2r6mt2om21099352pny5gw.jpg,train,608,528,1,31,97477.50,339,388,131532.00
cju2r7h21sj9608354gzks3ae.jpg,train,614,530,1,20,10611.00,137,97,13289.00
cju2r91dg2k090801bh0xzbxk.jpg,train,1348,1070,1,16,67202.00,342,288,98496.00
cju2raxlosl630988jdbfy9b0.jpg,train,557,528,1,22,96104.00,453,299,135447.00
cju2rga4psq9n09881z519xx0.jpg,train,622,529,1,19,17801.50,171,152,25992.00
cju2ricdv2iys0878sv1adh0u.jpg,train,616,530,1,26,242452.50,554,530,293620.00
cju2rkjfwoxys0993x768l1j2.jpg,train,597,401,1,27,65902.00,407,278,113146.00
cju2rlqdnoz9k0993cpjae3x0.jpg,train,592,531,1,20,54530.00,271,302,81842.00
cju2rmd2rsw9g09888hh1efu0.jpg,train,570,531,1,76,2014.50,50,58,2900.00
cju2rn0hasxri0835nfy3buay.jpg,train,622,531,1,23,10819.00,124,109,13516.00
cju2rnkt22xep0801as160g9t.jpg,train,558,454,2,68,2724.00,69,57,3933.00
cju2rnkt22xep0801as160g9t.jpg,train,558,454,2,36,4859.00,79,109,8611.00
cju2ro5jqsy680988pi6qsujw.jpg,train,622,531,1,42,70920.00,328,392,128576.00
cju2rpa30t07b0835im0erql0.jpg,train,621,529,1,17,32619.00,169,247,41743.00
cju2rqo702wpx0855fn7d5cxh.jpg,train,621,529,1,26,9398.00,116,114,13224.00
cju2rxm8rpbaf0993o3qr2oph.jpg,train,571,531,1,15,13229.50,84,208,17472.00
cju2rz4k434s70855wwx3ddtx.jpg,train,612,530,2,12,5506.50,117,157,18369.00
cju2rz4k434s70855wwx3ddtx.jpg,train,612,530,2,21,43018.00,253,255,64515.00
cju2rzpsmtb0f0835jabkbao1.jpg,train,528,528,1,32,8330.00,110,107,11770.00
cju2s16zp317h0799gr67jqc2.jpg,train,622,531,1,23,93557.00,419,304,127376.00
cju2s2527pfyr0993l3h1149a.jpg,train,622,529,1,19,9049.50,106,105,11130.00
cju2s9g11pnra0993gn4eh793.jpg,train,622,530,1,25,155588.50,483,470,227010.00
cju2saez63gxl08559ucjq3kt.jpg,train,557,530,1,18,38915.00,252,205,51660.00
cju2sevf53lkx08558h5bpaig.jpg,train,626,547,1,28,79710.00,326,363,118338.00
cju2sggy13na70855tbeoqgha.jpg,train,559,530,1,26,74382.50,282,441,124362.00
cju2spdagu1l50835da1f46fr.jpg,train,465,525,1,16,10383.00,118,140,16520.00
cju2srvy5440s0801y1ba9akr.jpg,train,622,528,1,26,103672.50,337,472,159064.00
cju2sszfq3uye0878sucelzk2.jpg,train,622,531,1,14,202999.00,500,511,255500.00
cju2suk42469908015ngmq6f2.jpg,train,609,528,1,21,30022.00,227,173,39271.00
cju2sxf3iqbpv09937iksn8ep.jpg,train,622,529,1,26,57244.50,303,279,84537.00
cju2syxa93yw40799x2iuwabz.jpg,train,602,474,1,32,5974.00,99,90,8910.00
cju2t16vuucaq0835xcpsivn2.jpg,train,622,531,1,20,21675.00,194,152,29488.00
cju2t2ivz43i10878zeg8r1br.jpg,train,607,528,1,23,11265.50,112,143,16016.00
cju2t3ibkuecr0835o7si16zv.jpg,train,613,530,1,23,12226.00,133,128,17024.00
cju2t62nq45jl0799odpufwx6.jpg,train,622,528,1,22,65215.50,237,376,89112.00
cju2t9tdwuk700835kv0ljmtl.jpg,train,605,473,1,18,46305.50,275,287,78925.00
cju2ti1du4idn0878giuozonw.jpg,train,571,530,1,21,32001.00,183,251,45933.00
cju2tjrog4jy30878pawyazqc.jpg,train,622,530,1,23,38344.50,234,283,66222.00
cju2top2ruxxy0988p1svx36g.jpg,train,570,530,1,24,60763.00,289,330,95370.00
cju2tpfa5uyx408359datxqqj.jpg,train,622,528,1,16,33029.50,188,261,49068.00
cju2tqfgw4oat0799rn0g5b2z.jpg,train,614,529,1,19,39304.00,256,211,54016.00
cju2trbpkv0c00988hxla5dzz.jpg,train,610,531,1,22,57159.50,311,252,78372.00
cju2trtjf4qjd0878a2zle9v9.jpg,train,598,528,1,23,8916.00,84,145,12180.00
cju2tvrvm53ws0801a0jfjdxg.jpg,train,568,531,1,33,39517.00,381,150,57150.00
cju2txjfzv60w098839dcimys.jpg,train,551,430,1,19,20632.00,183,167,30561.00
cju2tzypl4wss0799ow05oxb9.jpg,train,622,531,1,17,89629.00,345,341,117645.00
cju2u2b9o4zvp08788qb9nqxj.jpg,train,564,527,1,35,71269.50,286,330,94380.00
cju2u4pymvc720988wsxrmi84.jpg,train,541,530,1,18,88811.50,274,476,130424.00
cju2u73dj53oz0878486k8k4b.jpg,train,524,529,1,20,38373.00,221,225,49725.00
cju2ueb6j5ado0878vf5md13o.jpg,train,1348,1070,2,12,125738.00,579,318,184122.00
cju2ueb6j5ado0878vf5md13o.jpg,train,1348,1070,2,13,13999.50,123,151,18573.00
cju2ulk385h170799rlklxob0.jpg,train,596,528,1,32,101072.50,368,402,147936.00
cju2uokeg5jm20799xwgsyz89.jpg,train,570,530,1,36,93586.00,422,322,135884.00
cju2upu4evw7g08358guwozxv.jpg,train,616,528,1,22,16243.00,165,142,23430.00
cju2urqpwvxw70835rvndvtsi.jpg,train,626,474,1,28,9155.50,137,98,13426.00
cju2uwz9f5yf1085506cfamfx.jpg,train,1220,1011,1,22,322879.50,711,622,442242.00
cju2uy8ox62jo0801g88hh42z.jpg,train,622,528,1,25,20767.00,186,185,34410.00
cju2uzabhs6er0993x3aaf87p.jpg,train,612,528,1,33,32346.50,251,257,64507.00
cju2wtwj87kys0855kx6mddzw.jpg,train,626,547,1,29,140301.00,434,547,237398.00
cju2wve9v7esz0878mxsdcy04.jpg,train,620,529,1,17,17791.00,166,143,23738.00
cju2wx0gh7fpz0878wwyd9ep8.jpg,train,616,529,1,19,19020.00,180,155,27900.00
cju2wxv0hxs2f09884w48v8fi.jpg,train,622,529,1,26,5483.50,76,106,8056.00
cju2wzu8wxtgu09880ku9x1pg.jpg,train,622,529,1,21,51965.00,353,212,74836.00
cju2x7vw87mu30878hye2ca0m.jpg,train,1348,1070,1,43,290695.00,912,526,479712.00
cju2xa3i4y0160988i679zsqd.jpg,train,619,528,1,21,34101.00,160,302,48320.00
cju2xbk0080y80801eghyddi2.jpg,train,621,529,1,19,24174.00,180,204,36720.00
cju2xd75m82720801q4s4ik3n.jpg,train,1220,1011,1,17,137472.50,462,415,191730.00
cju2xf8e5y2wm08359vcgk09b.jpg,train,571,530,1,21,106123.50,322,400,128800.00
cju2xjz2ju8pe0993ysv9wg17.jpg,train,593,530,1,19,48303.50,265,271,71815.00
cju2xlcqxy9c60988vjacdznb.jpg,train,621,529,1,15,61062.00,378,267,100926.00
cju2xs6na81t20878pt6nkfip.jpg,train,570,531,1,34,70769.50,316,351,110916.00
cju2xwm1s84l50799i60mq0pu.jpg,train,626,547,1,18,15660.50,162,145,23490.00
cju2xyd9vyi7m098831qcucse.jpg,train,622,528,1,24,72683.50,247,401,99047.00
cju2y0z6g87p10878fpk5d3rq.jpg,train,554,530,1,32,68224.50,330,301,99330.00
cju2y26c588bo07993ksd8eoz.jpg,train,621,530,1,21,23942.50,182,188,34216.00
cju2y40d8ulqo0993q0adtgtb.jpg,train,617,529,1,21,43157.00,251,231,57981.00
cju2y5zas8m7f0801d34g5owq.jpg,train,586,479,2,34,65654.50,267,332,88644.00
cju2y5zas8m7f0801d34g5owq.jpg,train,586,479,2,19,9916.00,156,157,24492.00
cju2y8s56ymqr083541ggdsml.jpg,train,615,530,1,23,29923.00,172,256,44032.00
cju2yb31a8e8u0878wdashg7o.jpg,train,621,531,1,25,56294.00,254,299,75946.00
cju2ycp1u8g2r0799jslnp7cz.jpg,train,617,531,1,25,33086.50,205,247,50635.00
cju2yg5ht8i4p087800js8hp4.jpg,train,626,546,1,34,58804.00,217,374,81158.00
cju2yi9tz8vky0801yqip0xyl.jpg,train,616,528,1,25,84658.00,305,385,117425.00
cju2yljr0yzhw0988ecf271ly.jpg,train,1220,1009,1,20,277815.00,682,576,392832.00
cju2yo1j1v0qz09934o0e683p.jpg,train,626,546,1,28,103993.00,343,450,154350.00
cju2ysg748ru80878sp6j0gm0.jpg,train,572,547,1,33,94779.50,311,466,144926.00
cju2yv4imv6cz099314jveiib.jpg,train,621,529,1,19,35816.50,237,196,46452.00
cju2yw4s7z7p20988lmf2gdgd.jpg,train,571,530,1,22,23070.00,157,194,30458.00
cju2yyhsp933j0855hp32e012.jpg,train,593,435,1,18,51077.00,212,316,66992.00
cju2z1nxlzaj40835wj81s1iy.jpg,train,622,531,1,26,72424.00,301,352,105952.00
cju2z2x3nvd3c099350zgty7w.jpg,train,553,530,1,19,18971.50,128,199,25472.00
cju2z45kuzf6d0988nz2c819m.jpg,train,562,529,1,25,10079.00,100,132,13200.00
cju2z6ez69g4u0801qwt088lw.jpg,train,626,538,1,24,102490.00,309,442,136578.00
cju2z9vlp9j0w0801oag91sy9.jpg,train,622,531,1,20,22103.00,216,185,39960.00
cju2zblxw9848087853csbrx1.jpg,train,586,530,1,26,28429.00,179,232,41528.00
cju2zdhsczmn50988z64qwg2q.jpg,train,598,530,2,22,34636.50,186,259,48174.00
cju2zdhsczmn50988z64qwg2q.jpg,train,598,530,2,20,9142.50,128,115,14720.00
cju2zdvjn9h7r08553cp4eed5.jpg,train,401,415,1,24,10110.00,119,116,13804.00
cju2zgbj9zmrw0835nnlzxj4c.jpg,train,623,528,1,37,101456.50,421,379,159559.00
cju2zi4l09f5807991s8do2b2.jpg,train,622,530,1,20,33183.00,247,174,42978.00
cju2zjcvj9qma0801dk71hhi0.jpg,train,622,528,2,14,28173.50,145,261,37845.00
cju2zjcvj9qma0801dk71hhi0.jpg,train,622,528,2,22,92069.50,291,456,132696.00
cju2zkpdl9h7t0799ix60teqg.jpg,train,611,528,1,16,14783.00,110,186,20460.00
cju2zm0axztpe0988r8s9twjr.jpg,train,623,528,1,18,22871.00,156,215,33540.00
cju2zo0fwzv580988qlijd2xa.jpg,train,616,530,2,21,18472.50,143,184,26312.00
cju2zo0fwzv580988qlijd2xa.jpg,train,616,530,2,24,8054.50,86,133,11438.00
cju2zp89k9q1g0855k1x0f1xa.jpg,train,622,530,1,26,8703.50,116,106,12296.00
cju2zpw4q9vzr0801p0lysjdl.jpg,train,605,546,1,25,10338.50,102,133,13566.00
cju2zr3c3vwb00993jn06bbaz.jpg,train,575,531,1,18,15504.50,144,151,21744.00
cju2zrojo9kcd0878ld2epejq.jpg,train,621,531,1,15,14021.50,112,188,21056.00
cju2zwg05a0oy0801yr73ig7g.jpg,train,599,531,1,28,37042.00,165,317,52305.00
cju2zxja9w1eh09933609ho9z.jpg,train,584,530,1,23,11510.00,114,144,16416.00
cju2zy1e49pqk0878t6ncqn12.jpg,train,622,529,1,21,10515.50,139,111,15429.00
cju300m3s04fg0988uzupuf7z.jpg,train,622,529,1,24,56270.50,346,213,73698.00
cju302fqq9spc0878rrygyzzz.jpg,train,592,528,1,20,68762.00,251,348,87348.00
cju303j5r062k098835zxfds5.jpg,train,626,546,1,19,27918.00,214,179,38306.00
cju30525w04r10835ygp257sb.jpg,train,622,530,1,25,31155.50,247,177,43719.00
cju306x7w05nb0835cunv799x.jpg,train,626,546,1,19,53965.00,272,258,70176.00
cju30ajhw09sx0988qyahx9s8.jpg,train,622,530,2,18,23178.00,183,231,42273.00
cju30ajhw09sx0988qyahx9s8.jpg,train,622,530,2,25,69131.50,283,437,123671.00
cju30bmab08bi0835mvlr6e0r.jpg,train,622,530,1,21,31924.50,231,185,42735.00
cju30df2j09dd08351ayx2t6w.jpg,train,622,530,1,30,36286.00,224,247,55328.00
cju30ftgja7170855xl9bkdm0.jpg,train,595,531,1,33,92098.50,354,410,145140.00
cju30gxjq0djk0988jytm49rs.jpg,train,622,530,1,16,26200.50,186,198,36828.00
cju30ia8da2bq0799klnehml2.jpg,train,571,531,1,23,134010.00,452,531,240012.00
cju30j1rgadut0801vuyrsnt8.jpg,train,570,530,1,34,7241.00,91,117,10647.00
cju30k2z40ds308353kdew70n.jpg,train,618,528,1,20,28217.50,186,201,37386.00
cju30lncba3ny0878jwnous8n.jpg,train,570,530,1,19,20544.00,189,168,31752.00
cju30mm25a53s0799qa5wiqe8.jpg,train,622,529,1,25,7960.50,124,83,10292.00
cju30nyxe0gfb0835p256yoju.jpg,train,622,530,1,23,167207.50,510,447,227970.00
cju30ov1oah920801mi8thuyg.jpg,train,571,530,1,28,9291.00,86,138,11868.00
cju30qbm1ad3x0855znuhpz9u.jpg,train,622,529,1,26,100689.50,357,373,133161.00
cju30u1hbakn808019g15nb8b.jpg,train,510,528,1,19,18897.00,162,177,28674.00
cju30xqmh0ni00835ix3batv1.jpg,train,622,529,1,20,66228.50,295,363,107085.00
cju30ywtc0oar0835bp2en7ec.jpg,train,1348,1062,1,21,198952.00,527,510,268770.00
cju310f6val1v0855xo8tc3gu.jpg,train,622,531,1,22,189787.00,566,456,258096.00
cju3128yi0rpu0988o4oo5n8n.jpg,train,622,531,1,25,13195.00,120,156,18720.00
cju31rb7vb6110801p9rhacuw.jpg,train,622,530,1,14,17022.50,145,169,24505.00
cju31t8xd17bk0835rnb893jk.jpg,train,622,529,2,52,1288.00,52,37,1924.00
cju31t8xd17bk0835rnb893jk.jpg,train,622,529,2,47,508.50,37,25,925.00
cju31ugmfb3dz0855xtqshki6.jpg,train,612,544,1,19,26822.50,201,177,35577.00
cju31w6goazci0799n014ly1q.jpg,train,627,547,1,19,42788.00,194,322,62468.00
cju31y80qbawn0801twwm2l5s.jpg,train,569,495,1,27,53038.00,283,281,79523.00
cju320gyvbch60801v2amdi2g.jpg,train,616,503,1,36,63690.50,321,374,120054.00
cju323ypb1fbb0988gx5rzudb.jpg,train,604,530,1,29,121039.50,451,352,158752.00
cju324q101fhe08350wae9cif.jpg,train,618,530,1,17,31862.50,163,279,45477.00
cju326h4v1gxw08352px40p7r.jpg,train,616,528,1,23,124838.50,431,431,185761.00
cju3280wv1ir009882jze27tc.jpg,train,571,530,1,24,43942.50,247,240,59280.00
cju32a52lb9rc0799xi40qs00.jpg,train,621,529,3,27,5462.50,96,94,9024.00
cju32a52lb9rc0799xi40qs00.jpg,train,621,529,3,15,13692.50,72,272,19584.00
cju32a52lb9rc0799xi40qs00.jpg,train,621,529,3,30,96046.00,354,369,130626.00
cju32csyfblyh080170aa3x5p.jpg,train,626,547,1,22,40812.50,248,210,52080.00
cju32fhnhbds40799broyoptc.jpg,train,621,530,1,21,16559.00,119,192,22848.00
cju32gzs6xo8x0993r8tedbpb.jpg,train,626,547,2,23,6118.00,251,39,9789.00
cju32gzs6xo8x0993r8tedbpb.jpg,train,626,547,2,24,38381.00,169,307,51883.00
cju32jcdabepz0878d0cznmfe.jpg,train,622,530,1,18,46204.00,229,274,62746.00
cju32l161bi1v07990vm376in.jpg,train,622,529,1,18,10391.50,80,157,12560.00
cju32phw2bv130801yj7bkouq.jpg,train,626,547,1,27,191597.50,576,522,300672.00
cju32pzh9bpw10855q4vaxfhe.jpg,train,621,546,1,15,18415.00,154,165,25410.00
cju33yemn2qb20988wfjxximx.jpg,train,622,511,1,22,13409.00,194,122,23668.00
cju33za6l2qy70988jhrlp2ev.jpg,train,626,546,1,20,19280.50,103,268,27604.00
cju34aozyyy830993bn16u32n.jpg,train,609,530,1,33,85143.50,301,470,141470.00
cju34c1xfyz920993itxkkfad.jpg,train,570,508,1,26,74076.50,339,349,118311.00
cju34ds2531520988qjpqt6e3.jpg,train,617,531,1,25,59149.00,290,353,102370.00
cju34eqjpcpm508788b3lhp97.jpg,train,557,531,1,18,29307.00,167,229,38243.00
cju34fojcctcf0799ebolbvkn.jpg,train,626,547,1,24,9287.00,96,145,13920.00
cju34i3qvcyog0855qiejxx5w.jpg,train,622,529,1,33,93752.00,365,418,152570.00
cju34m7h536wq0988xz7gx79v.jpg,train,617,531,1,20,33371.00,340,234,79560.00
cju34o6dbd2lo0855aqlcy1hs.jpg,train,623,476,1,11,13614.00,161,112,18032.00
cju34ouumcznz07996gg1xq7v.jpg,train,626,547,1,18,59834.00,283,280,79240.00
cju34repocy5208780gswillm.jpg,train,622,529,1,22,73234.50,412,247,101764.00
cju34sh43d8zm08019xbwhc0o.jpg,train,620,530,1,13,38115.00,226,285,64410.00
cju34uhepd3dd0799hs8782ad.jpg,train,626,546,1,22,8338.00,100,125,12500.00
cju34xspwzenf0993cyzajv9n.jpg,train,626,547,2,24,10822.00,114,153,17442.00
cju34xspwzenf0993cyzajv9n.jpg,train,626,547,2,19,53351.50,271,266,72086.00
cju34ymm8d6700799uop0cw33.jpg,train,621,531,1,15,15708.50,176,145,25520.00
cju34zivp3fq80988opxbaqyn.jpg,train,580,528,1,18,21988.00,162,179,28998.00
cju3518w2d838079939fqztbc.jpg,train,623,529,1,24,55680.00,328,284,93152.00
cju3521y5d5mq0878t3ezsu4p.jpg,train,622,530,1,16,19873.00,154,198,30492.00
cju353d1eda8c07992afde611.jpg,train,622,528,1,23,29807.50,174,202,35148.00
cju35740hzm0g0993zl5ic246.jpg,train,557,474,1,17,11328.00,103,172,17716.00
cju357rxxdaz30878y2esjpjt.jpg,train,558,531,1,18,9717.50,121,113,13673.00
cju358pwtdby20878cg7nm0np.jpg,train,581,528,1,18,13506.50,119,164,19516.00
cju35a77vdj4n08556jj2lgmc.jpg,train,570,530,1,18,81444.00,315,365,114975.00
cju35atpxdjot0855q46aqrd0.jpg,train,626,546,1,21,26829.00,212,164,34768.00
cju35c4wzdhow0799h6eq4sgs.jpg,train,599,531,1,19,38426.00,300,244,73200.00
cju35eg0tdmjt085525sb4bua.jpg,train,599,528,1,17,24093.00,180,193,34740.00
cju35fxqyzt5p0993vusm54qz.jpg,train,613,531,1,20,51379.50,220,343,75460.00
cju35i2e63uxr0835h7zgkg9k.jpg,train,614,531,1,22,55759.50,207,409,84663.00
cju35k2fr3vc50988c85qkrwg.jpg,train,570,530,2,18,12072.00,113,144,16272.00
cju35k2fr3vc50988c85qkrwg.jpg,train,570,530,2,24,7291.00,121,96,11616.00
cju35ldepdtlm0801yv79y8vu.jpg,train,626,547,1,18,16622.50,153,156,23868.00
cju35mdz73x890835eynq1h9v.jpg,train,570,529,1,20,42058.50,254,212,53848.00
cju35oyvd3y850988km12hdz1.jpg,train,590,506,1,19,26278.50,229,169,38701.00
cju3tp94kfstl08181awh6z49.jpg,train,593,530,1,32,190370.50,552,501,276552.00
cju3tsh4lfsok0987w6x3a0v1.jpg,train,622,530,1,32,122201.00,546,365,199290.00
cju3ttznuftyf09875t11850w.jpg,train,626,547,1,15,34388.00,251,182,45682.00
cju3tvffffx5f0818t5ov22al.jpg,train,622,530,1,19,74620.00,302,311,93922.00
cju3tx1qyg0c907552fglumhc.jpg,train,622,529,1,19,25537.50,229,151,34579.00
cju3u1c8tfyqx08503iedc3mx.jpg,train,622,528,1,16,49545.50,450,148,66600.00
cju3u39fog1bo0871lxjrabks.jpg,train,1205,1010,1,13,105142.50,448,307,137536.00
cju3u4lxmg59o0755rz42b9en.jpg,train,622,528,1,17,43596.00,218,292,63656.00
cju3u815rg4ek0850vvhtcvcm.jpg,train,595,546,1,23,144959.00,575,336,193200.00
cju3ua8u0g9rg0801uayhdxhu.jpg,train,622,530,1,21,46065.50,257,243,62451.00
cju3uhb79gcgr0871orbrbi3x.jpg,train,622,531,10,69,2472.00,79,50,3950.00
cju3uhb79gcgr0871orbrbi3x.jpg,train,622,531,10,74,897.00,33,42,1386.00
cju3uhb79gcgr0871orbrbi3x.jpg,train,622,531,10,57,794.00,35,36,1260.00
cju3uhb79gcgr0871orbrbi3x.jpg,train,622,531,10,76,2661.00,56,71,3976.00
cju3uhb79gcgr0871orbrbi3x.jpg,train,622,531,10,42,593.00,31,28,868.00
cju3uhb79gcgr0871orbrbi3x.jpg,train,622,531,10,73,1610.50,54,45,2430.00
cju3uhb79gcgr0871orbrbi3x.jpg,train,622,531,10,51,747.50,31,34,1054.00
cju3uhb79gcgr0871orbrbi3x.jpg,train,622,531,10,37,842.00,30,43,1290.00
cju3uhb79gcgr0871orbrbi3x.jpg,train,622,531,10,71,2305.00,63,55,3465.00
cju3uhb79gcgr0871orbrbi3x.jpg,train,622,531,10,69,1627.00,51,53,2703.00
cju3ul8dogf1z09872y2ecowp.jpg,train,609,531,1,18,15146.00,114,185,21090.00
cju3umoh1geet0817cmpef5am.jpg,train,599,531,1,25,33821.00,216,227,49032.00
cju3uwz6ogsp10801h2r3bj5l.jpg,train,622,531,1,24,22455.50,244,159,38796.00
cju3uz4o6gr9z0850lhxyxvsj.jpg,train,1348,1070,1,18,297337.50,589,640,376960.00
cju3v0fl3gwce0755qkjhzmd4.jpg,train,621,530,1,20,71330.00,325,307,99775.00
cju3v11mrgwwb0755u242ygye.jpg,train,622,530,1,14,24140.00,230,140,32200.00
cju3v3ac9gyz30755hfqwyp1i.jpg,train,578,530,1,15,22269.00,163,203,33089.00
cju3v56bwgy8v0871w14pz8fx.jpg,train,570,531,2,20,21782.50,142,232,32944.00
cju3v56bwgy8v0871w14pz8fx.jpg,train,570,531,2,14,25696.00,225,170,38250.00
cju3v664kh0px0818y4y7wolf.jpg,train,621,531,1,16,19960.00,148,181,26788.00
cju3v72v5h1qz0818fggilwtq.jpg,train,622,529,1,26,11574.00,139,114,15846.00
cju3wstckialg0871xs0vevsj.jpg,train,564,529,1,19,98094.50,399,327,130473.00
cju3x2s11ibzi0817kk284k0j.jpg,train,622,530,1,24,32799.50,243,247,60021.00
cju3x4blzieu30850x10uuvbm.jpg,train,1210,1011,2,18,72308.50,312,313,97656.00
cju3x4blzieu30850x10uuvbm.jpg,train,1210,1011,2,18,13503.00,131,142,18602.00
cju3x5u2tiihx0818914gzxy1.jpg,train,622,530,1,18,78706.00,297,318,94446.00
cju3x7xsaijq80818f0psavav.jpg,train,590,531,1,21,38976.50,228,222,50616.00
cju3x9lttikfb0818a0g104zn.jpg,train,622,530,1,21,17472.50,138,210,28980.00
cju3xeexgii1j0817zs68tb4g.jpg,train,622,528,1,38,110477.00,499,358,178642.00
cju3xga12iixg0817dijbvjxw.jpg,train,622,530,1,21,95350.00,419,331,138689.00
cju3xhpvvimda0987ygrpzni2.jpg,train,622,530,1,28,28759.50,192,223,42816.00
cju3xiic0ilzp0850lusrb42j.jpg,train,571,530,1,23,8337.00,155,77,11935.00
cju3xjqtpikx50817tppy6g84.jpg,train,622,530,1,22,48050.00,293,247,72371.00
cju3xl264ingx0850rcf0rshj.jpg,train,622,531,1,22,33270.00,217,215,46655.00
cju3xtufwiv9c0818djsc4cqd.jpg,train,615,530,1,18,17754.00,153,168,25704.00
cju3xuj20ivgp0818mij8bjrd.jpg,train,622,527,1,22,9602.00,121,104,12584.00
cju3xvoo2iqlc0817eku2r3wl.jpg,train,446,530,1,23,11893.50,126,119,14994.00
cju3xwpgviwlx0871rwm15q7v.jpg,train,626,547,1,17,23785.00,184,173,31832.00
cju3xzvnzj0hd0755xprz39nj.jpg,train,625,513,1,18,113268.50,357,411,146727.00
cju3y0pjrj1c30755nxekxccj.jpg,train,570,531,1,17,11355.00,122,139,16958.00
cju3y21quj0ir0818kgjagr15.jpg,train,626,546,1,27,88922.50,404,427,172508.00
cju3y54kwj3nr0801biidlb4e.jpg,train,620,546,1,27,195511.50,516,494,254904.00
cju3y79ofj3va0871uqfb1mzo.jpg,train,598,530,1,26,33910.50,253,259,65527.00
cju3y9difj6th0801kd1rqm3w.jpg,train,597,529,1,20,31185.00,215,206,44290.00
cju3ya7goj6at0818v2l5ay7f.jpg,train,626,547,2,42,4307.50,77,74,5698.00
cju3ya7goj6at0818v2l5ay7f.jpg,train,626,547,2,37,7003.00,82,110,9020.00
cju3yb47cj1xq0817zfotbni4.jpg,train,626,547,1,16,43889.00,262,232,60784.00
cju3yht87j83m08507yk1u1fg.jpg,train,570,530,1,35,129219.00,418,484,202312.00
cju3ykamdj9u208503pygyuc8.jpg,train,1220,1010,2,23,12219.00,106,197,20882.00
cju3ykamdj9u208503pygyuc8.jpg,train,1220,1010,2,24,7951.00,105,127,13335.00
cju40jl7skiuo0817p0smlgg8.jpg,train,601,506,1,25,95745.50,433,375,162375.00
cju40m0rjkpw80871z6n6yg1u.jpg,train,586,528,2,29,63766.00,342,350,119700.00
cju40m0rjkpw80871z6n6yg1u.jpg,train,586,528,2,40,2052.50,83,32,2656.00
cju40poe4kt9s0755f9cnm3h5.jpg,train,1348,1070,1,22,399880.50,741,675,500175.00
cju40r6jrksyk0871wg98zgho.jpg,train,622,528,1,25,54410.50,263,275,72325.00
cju40sdwukv3k0755y99ug1k8.jpg,train,615,528,1,21,32650.50,199,247,49153.00
cju40taxlkrho0987smigg0x0.jpg,train,622,393,1,24,24626.00,200,168,33600.00
cju40u30gkuzc0871rq7t666d.jpg,train,626,546,1,17,22419.00,188,171,32148.00
cju40w3hbkwpn08015rbs3wko.jpg,train,621,528,1,25,22012.00,140,233,32620.00
cju40wto5kxwi0755it190f2k.jpg,train,1348,1070,1,13,75479.00,436,239,104204.00
cju410dnfl0960755y8lu8d79.jpg,train,626,546,1,44,71810.00,340,421,143140.00
cju412uwlkva50850d1ps1ww7.jpg,train,616,547,1,29,136255.00,436,453,197508.00
cju414lf2l1lt0801rl3hjllj.jpg,train,610,528,4,18,9632.50,111,146,16206.00
cju414lf2l1lt0801rl3hjllj.jpg,train,610,528,4,24,18408.00,152,205,31160.00
cju414lf2l1lt0801rl3hjllj.jpg,train,610,528,4,20,8772.50,110,132,14520.00
cju414lf2l1lt0801rl3hjllj.jpg,train,610,528,4,19,9363.50,142,101,14342.00
cju418rckl3ur08012psrx1r1.jpg,train,622,530,1,19,44463.50,244,242,59048.00
cju41kd7yl4nm0850gil5qqwh.jpg,train,535,531,1,23,21267.00,133,215,28595.00
cju41lojblbs307555jdci937.jpg,train,626,547,1,18,20184.00,153,169,25857.00
cju41nz76lcxu0755cya2qefx.jpg,train,586,514,1,26,54831.50,353,231,81543.00
cju41p90plcsx08018cnzpndc.jpg,train,622,529,1,30,7865.00,86,132,11352.00
cju41r6v2lcww0871ps8k8pf5.jpg,train,594,529,1,25,59895.50,246,337,82902.00
cju41s6nbleqy0755e2mslg0b.jpg,train,561,530,1,18,26813.00,191,182,34762.00
cju41z76wlgbz0801qdetlvby.jpg,train,592,421,1,17,25599.50,219,153,33507.00
cju422cm8lfxn0818ojicxejb.jpg,train,571,531,1,29,29666.50,228,184,41952.00
cju424hy5lckr085073fva1ok.jpg,train,576,530,1,30,33514.00,222,193,42846.00
cju426tomlhll0818fc0i7nvh.jpg,train,611,528,1,26,17924.00,155,155,24025.00
cju428k5fldt108177s6g6f45.jpg,train,622,530,1,19,69929.50,287,334,95858.00
cju42dwedlmk60871jbgu4ehi.jpg,train,621,531,1,26,52992.00,266,309,82194.00
cju42g865lorv07552ytz6xxa.jpg,train,599,527,1,23,67811.50,314,304,95456.00
cju42m60jlpcm08186kqppzqv.jpg,train,626,547,1,21,26917.00,144,329,47376.00
cju42nm68lpyo0818xvvqmupq.jpg,train,504,530,1,20,43776.50,192,344,66048.00
cju42py9mlqyd0818u3d1d7ga.jpg,train,545,433,1,21,24424.00,158,275,43450.00
cju42qet0lsq90871e50xbnuv.jpg,train,598,531,1,15,23622.00,160,198,31680.00
cju42romflni20817etb9a0fl.jpg,train,622,528,1,21,30186.50,202,218,44036.00
cju42tauqlo5p08171l3cuo4b.jpg,train,627,547,1,24,19229.50,153,178,27234.00
cju42u5bjlvi10801dc13sskp.jpg,train,541,528,1,19,34397.00,256,183,46848.00
cju42wamblrqn098798r2yyok.jpg,train,621,547,1,28,76998.00,350,306,107100.00
cju42xpi8lw4w0871ve317a1p.jpg,train,465,530,1,22,21354.50,149,195,29055.00
cju430pm2lz0y0755jkhcc3d1.jpg,train,626,547,2,22,25221.50,303,243,73629.00
cju430pm2lz0y0755jkhcc3d1.jpg,train,626,547,2,34,50911.00,233,461,107413.00
cju439oazm2fu0871ma0vvrft.jpg,train,622,531,1,31,54938.00,423,357,151011.00
cju43b8daly4408170e5ev06g.jpg,train,600,531,1,26,61216.00,285,339,96615.00
cju43c92lm5cj0755lorsorfg.jpg,train,591,529,3,45,1031.50,40,38,1520.00
cju43c92lm5cj0755lorsorfg.jpg,train,591,529,3,52,2331.50,65,55,3575.00
cju43c92lm5cj0755lorsorfg.jpg,train,591,529,3,28,9860.00,104,134,13936.00
cju43eigtm6ev0801mv0m96t1.jpg,train,619,528,1,24,133987.50,532,370,196840.00
cju43gfosm63n08714rpih8pe.jpg,train,622,530,1,22,87396.50,319,349,111331.00
cju43h43am1dy08176gwfhmnt.jpg,train,594,530,1,28,8611.50,111,113,12543.00
cju43in5fm22c08175rxziqrk.jpg,train,616,530,1,26,93306.00,270,431,116370.00
cju43jcqim2cp08172dvjvyui.jpg,train,626,547,1,29,10135.00,109,127,13843.00
cju43kj2pm34f0850l28ahpni.jpg,train,622,528,1,53,3885.50,68,79,5372.00
cju43lcnum9y10755bjs7z87f.jpg,train,590,528,1,25,12357.50,122,134,16348.00
cju43mkj9m8wb0871qiadahub.jpg,train,626,547,1,19,34030.50,193,233,44969.00
cju43o6n7m9nk087191ijwqq9.jpg,train,618,530,1,18,25714.50,157,245,38465.00
cju45jpvfn6c809873pv1i34s.jpg,train,593,530,1,18,39868.50,212,252,53424.00
cju45lbgznahl08180xz1h7u6.jpg,train,622,527,1,19,30842.00,211,196,41356.00
cju45n0oxn5vu08500yfrt9jn.jpg,train,622,530,1,25,31512.50,197,253,49841.00
cju45ofd9ne1j0801ri8dup7t.jpg,train,622,530,1,25,189992.50,522,530,276660.00
cju45pm27n80u08174kyow1gj.jpg,train,626,547,1,24,44927.50,273,270,73710.00
cju45qbf3n9sa0987oonbkly9.jpg,train,621,531,1,17,27154.00,197,192,37824.00
cju45rj7ln8980850a7821fov.jpg,train,585,546,2,16,25743.00,168,219,36792.00
cju45rj7ln8980850a7821fov.jpg,train,585,546,2,33,8049.50,95,113,10735.00
cju45t5ddnbio0987qtqzx762.jpg,train,618,530,1,21,39423.00,299,191,57109.00
cju45ty6zn9oz0850qy4qnck1.jpg,train,551,531,1,20,33196.50,198,231,45738.00
cju45v0pungu40871acnwtmu5.jpg,train,606,530,1,21,45746.00,279,293,81747.00
cju5b9oyda4yr0850g9viziyv.jpg,train,622,528,1,16,23487.00,176,184,32384.00
cju5bbtwsa8cl0987wgfsqpao.jpg,train,595,531,1,23,31546.00,195,220,42900.00
cju5bdwa3aatx0818b79i18zf.jpg,train,622,530,1,27,23408.00,178,184,32752.00
cju5bf6hxa6m50817rbwettgu.jpg,train,622,531,1,21,28418.50,193,215,41495.00
cju5bhv81abur0850ean02atv.jpg,train,611,531,1,25,52860.00,271,309,83739.00
cju5bj926aiec07559rshy4wa.jpg,train,612,529,1,19,12863.00,99,175,17325.00
cju5bmhdcafs909878qfzrqzi.jpg,train,561,528,1,17,44433.00,234,269,62946.00
cju5boicjagt20871b1fotkh4.jpg,train,622,529,1,21,103613.00,327,424,138648.00
cju5buy2bal250818ipl6fqwv.jpg,train,569,430,1,28,38687.00,285,208,59280.00
cju5bwhapakm90987c1v4z46a.jpg,train,622,529,1,22,11008.50,119,122,14518.00
cju5bycdkalkb09875f7bfrvx.jpg,train,603,530,1,31,80199.00,307,413,126791.00
cju5c5xc7algd0817pb1ej5yo.jpg,train,599,528,1,28,48236.00,273,294,80262.00
cju5c7oijaqmq09878qwgqv8n.jpg,train,547,546,1,18,40398.00,209,247,51623.00
cju5ca9hcatkc0801jzwe7tfx.jpg,train,626,546,1,22,53520.00,329,281,92449.00
cju5ccpvqash50850kb4bs22k.jpg,train,592,482,1,29,45519.00,230,261,60030.00
cju5cetivauok0987ok3e5bre.jpg,train,623,529,1,23,44727.00,226,267,60342.00
cju5chrxxawka0871qcj171yz.jpg,train,601,528,1,24,47925.00,219,280,61320.00
cju5cjh3xattc0817j2vbulzi.jpg,train,617,528,2,17,9601.00,98,138,13524.00
cju5cjh3xattc0817j2vbulzi.jpg,train,617,528,2,22,11150.00,134,124,16616.00
cju5cky5xb0ay0801oxet697t.jpg,train,622,528,1,22,17692.50,163,169,27547.00
cju5clr68b48r0755cmuvponm.jpg,train,601,526,1,21,26783.00,214,165,35310.00
cju5cu8qkb84x08186jwo8yin.jpg,train,622,530,1,25,12992.50,145,128,18560.00
cju5ddda9bkkt0850enzwatb1.jpg,train,618,530,1,15,11029.00,184,91,16744.00
cju5eftctcdbj08712gdp989f.jpg,train,605,530,1,22,85276.50,291,426,123966.00
cju5ekty5ckzf07550c9u3ckk.jpg,train,625,546,1,27,50732.00,213,302,64326.00
cju5enq1tcn1i0755hnkon787.jpg,train,626,547,1,32,49139.50,317,234,74178.00
cju5eq8c8ck690850vix98hv3.jpg,train,622,530,1,32,101351.00,370,351,129870.00
cju5es375cnzy0801nkq35ffs.jpg,train,621,528,1,21,20994.50,150,189,28350.00
cju5ew4h9cqaf0818rrczkmqh.jpg,train,570,530,1,21,72802.00,310,315,97650.00
cju5eyfe9cpk90987laa7tsl3.jpg,train,622,530,1,27,89369.50,340,351,119340.00
cju5f0dezct4q08183ydw11dx.jpg,train,626,546,1,18,34329.50,175,294,51450.00
cju5f26ebcuai0818xlwh6116.jpg,train,598,546,1,19,25328.00,190,195,37050.00
cju5f8hxdcxxn08188obby0ea.jpg,train,615,520,1,18,41109.50,208,320,66560.00
cju5fb86jd1jp0755b1ukbhq5.jpg,train,560,424,1,25,69135.00,319,323,103037.00
cju5fi0yxd3ei0801v7u0yudn.jpg,train,626,547,1,36,6959.50,87,116,10092.00
cju5fs6j6d8350801vglraq4u.jpg,train,626,547,1,31,77310.50,342,303,103626.00
cju5ft6mcd5q40987rhjgbrr6.jpg,train,622,530,1,18,43492.00,245,267,65415.00
cju5fu081d8gc0818l3yylujk.jpg,train,570,531,1,15,16644.50,168,146,24528.00
cju5fw37edaae0801vkwvocn7.jpg,train,559,530,1,16,27159.00,195,202,39390.00
cju5fydrud94708507vo6oy21.jpg,train,626,546,1,29,115280.50,436,376,163936.00
cju5g163vd6mt0817uccuga6u.jpg,train,545,547,1,20,13644.00,165,142,23430.00
cju5gucasds9d0801019axylx.jpg,train,626,546,1,43,6997.50,81,116,9396.00
cju5h57xedz5h0755mjpc8694.jpg,train,622,528,1,28,124686.00,405,390,157950.00
cju5hi52odyf90817prvcwg45.jpg,train,568,352,1,25,42154.50,257,212,54484.00
cju5hjxaae3i40850h5z2laf5.jpg,train,622,530,1,20,53783.00,319,275,87725.00
cju5hl8nee8a40755fm8qjj0o.jpg,train,617,531,1,22,15993.50,142,155,22010.00
cju5hqz50e7o90850e0prlpa0.jpg,train,595,528,1,26,64198.00,286,348,99528.00
cju5ht88gedbu0755xrcuddcx.jpg,train,619,547,1,24,66768.50,358,289,103462.00
cju5huurrecm70801y680y13m.jpg,train,603,520,1,19,33327.00,226,209,47234.00
cju5hwonqedw10801vsd3w6kk.jpg,train,529,531,1,20,31389.50,150,281,42150.00
cju5hyi9yegob0755ho3do8en.jpg,train,623,529,2,20,25076.50,154,225,34650.00
cju5hyi9yegob0755ho3do8en.jpg,train,623,529,2,37,3745.50,67,73,4891.00
cju5i39mreass0817au8p22zy.jpg,train,623,546,1,17,63566.50,234,434,101556.00
cju5i5oh2efg60987ez6cpf72.jpg,train,621,528,1,21,95926.50,334,427,142618.00
cju5jx7jzf7c90871c2i9aiov.jpg,train,622,528,1,29,56354.50,226,329,74354.00
cju5jz5fff8c50871hbe6108f.jpg,train,552,530,1,21,41319.00,276,194,53544.00
cju5k3j3uf6de0817hszzfr7n.jpg,train,547,530,1,26,10152.50,112,123,13776.00
cju5k503sfa5f0871lx0rpu5y.jpg,train,622,529,1,17,50886.00,220,355,78100.00
cju5k7r0yf98c09878csbxb4d.jpg,train,622,528,1,29,6182.00,92,93,8556.00
cju5klveuff6w0871wbibgh3m.jpg,train,574,530,1,25,11342.50,122,121,14762.00
cju5knbbqfipk080128cggukq.jpg,train,597,529,1,21,128101.00,400,455,182000.00
cju5kre09fhka0850h7b1898j.jpg,train,618,528,1,20,18574.50,136,212,28832.00
cju5ktjwofed70817eg58ef7u.jpg,train,625,547,1,24,36160.50,236,229,54044.00
cju5nxkujgscq0817l9gss626.jpg,train,570,531,1,31,48043.50,349,258,90042.00
cju5nyu31gv8e0871zpk74a2n.jpg,train,616,529,1,22,15633.00,155,133,20615.00
cju5o1vu9gz8a0818eyy92bns.jpg,train,421,547,1,21,40821.50,199,299,59501.00
cju5o4pk9h0720755lgp9jq8m.jpg,train,622,530,1,21,79710.50,271,382,103522.00
cju5tenjojp1j0755ms4949h2.jpg,train,570,531,1,27,59434.00,289,290,83810.00
cju5tgbzhjllu08174ca41eus.jpg,train,622,531,1,20,30865.00,314,170,53380.00
cju5thdbrjp1108715xdfx356.jpg,train,622,530,1,42,7712.50,104,101,10504.00
cju5u4pywk81x0817vn9pe14z.jpg,train,570,531,1,20,12206.50,120,135,16200.00
cju5u6wf0kh1t0755bg1ssixv.jpg,train,571,530,1,34,121046.50,454,416,188864.00
cju5u8gz4kj5b07552e2wpkwp.jpg,train,571,531,1,20,78645.00,384,372,142848.00
cju5udcufki0s09874ll1dbr5.jpg,train,570,531,1,21,54492.00,293,244,71492.00
cju5ufn3skquf0818dhapnhba.jpg,train,570,530,1,36,11250.00,111,129,14319.00
cju5uget8krjy0818kvywd0zu.jpg,train,608,529,1,21,11807.50,170,102,17340.00
cju5uhrdwkmsu0817ervv91l8.jpg,train,626,547,1,32,5862.00,92,89,8188.00
cju5ukkg6kv7u08011x2b6zl5.jpg,train,622,510,1,20,51353.50,283,241,68203.00
cju5uxjnol2r509871qv2yeia.jpg,train,620,531,1,25,19997.00,169,222,37518.00
cju5uzmaol56l0817flxh4w9p.jpg,train,623,529,1,27,11540.50,122,128,15616.00
cju5v8pgplg6k0755rvi2t63h.jpg,train,570,530,1,20,12946.00,146,150,21900.00
cju5vbo6jldrt0871jf6f1700.jpg,train,619,530,1,25,23700.00,134,232,31088.00
cju5vcmrqla7i0817x4sp4pqw.jpg,train,612,482,1,20,19320.00,165,156,25740.00
cju5vgawslbe30987ndeepc1b.jpg,train,622,530,1,20,101517.50,355,366,129930.00
cju5vi4nxlc530817uoqm2m7a.jpg,train,619,530,1,24,74085.00,323,341,110143.00
cju5von04litr08718j8po40a.jpg,train,622,530,1,19,19042.00,118,284,33512.00
cju5vutu7ll8w0871dfp92n9p.jpg,train,605,528,1,16,50474.50,255,257,65535.00
cju5vwbr4lhqn0987a1pji0ux.jpg,train,570,530,1,14,15287.50,164,226,37064.00
cju5vxuc5loxw0818u8xgf45p.jpg,train,626,546,1,19,35844.50,203,252,51156.00
cju5vzjoslpj708186z2fusmz.jpg,train,622,496,1,15,15872.00,143,159,22737.00
cju5w7xn0lrkq0801f9k0htgx.jpg,train,622,530,1,24,30588.00,178,232,41296.00
cju5waeduln160817w0agirve.jpg,train,540,528,1,22,25149.00,184,182,33488.00
cju5wcc90lu020850mjrxppv6.jpg,train,626,547,1,21,35677.50,204,267,54468.00
cju5wi6bqlxy90755bu227nvb.jpg,train,622,530,1,16,29089.50,181,218,39458.00
cju5wj0faly5008187n6530af.jpg,train,570,530,1,18,26186.00,170,218,37060.00
cju5wkonqlrl409877y8zvnub.jpg,train,627,547,1,19,57460.00,286,293,83798.00
cju5wmvsdlx1j0871npgj8j4b.jpg,train,616,530,1,27,12313.00,169,114,19266.00
cju5woy82m07m08505dmjg7g1.jpg,train,1348,1070,1,20,238628.00,532,599,318668.00
cju5wphwwlu3m0987hh3ltg88.jpg,train,618,531,1,12,14020.50,137,176,24112.00
cju5wqonpm0e60801z88ewmy1.jpg,train,622,528,1,23,14238.50,138,145,20010.00
cju5wrapcm2290818jsh26ppb.jpg,train,622,528,1,17,31822.00,203,211,42833.00
cju5wrrs0m2af0818vmnajbtw.jpg,train,626,547,1,28,7623.50,98,111,10878.00
cju5wtdu4m0im0871mix0yvc0.jpg,train,610,509,1,21,30687.50,170,258,43860.00
cju5wuhm1lwm40987vugqn3vv.jpg,train,613,530,1,21,28035.00,199,189,37611.00
cju5x00l6m5j608503k78ptee.jpg,train,554,529,1,19,113891.50,361,406,146566.00
cju5x15djm7ae0755h8czf6nt.jpg,train,622,531,1,19,30864.50,189,240,45360.00
cju5x28nzm7t907558ocq4bt7.jpg,train,597,546,1,21,44807.00,256,262,67072.00
cju5x7iskmad90818frchyfwd.jpg,train,522,483,1,19,43179.50,250,303,75750.00
cju5xjn5mm78b09871spyqhhr.jpg,train,622,528,1,19,53734.50,262,299,78338.00
cju5xkwzxmf0z0818gk4xabdm.jpg,train,609,505,1,22,52237.50,312,300,93600.00
cju5xneamme2p0801qdf7fdwv.jpg,train,622,527,1,17,17599.50,174,149,25926.00
cju5xopi0md7q0871r1sjc1av.jpg,train,568,546,1,24,33584.00,186,244,45384.00
cju5xq3tdm9fn0987pbedxdg5.jpg,train,570,529,1,24,10574.50,175,137,23975.00
cju5y4hgqmk0i08180rjhbwvp.jpg,train,626,547,1,20,43619.50,229,262,59998.00
cju5y7buemcw80987p0r30g9f.jpg,train,589,530,1,18,45138.00,290,255,73950.00
cju5y84q3mdv50817eyp82xf3.jpg,train,611,530,1,24,11172.50,125,125,15625.00
cju5yclrymlgj0818k426ud6z.jpg,train,622,529,1,17,27319.50,156,246,38376.00
cju5yeqiwmkgl0801fzv2douc.jpg,train,570,531,2,10,15309.50,128,185,23680.00
cju5yeqiwmkgl0801fzv2douc.jpg,train,570,531,2,19,46682.50,257,277,71189.00
cju5ygh1zmmdi0755uod5e17i.jpg,train,570,530,1,22,41004.00,211,283,59713.00
cju5yhgznmkzb0801cji2vi8j.jpg,train,568,529,1,30,8516.50,85,137,11645.00
cju5yimthmlv80850zhoc90c2.jpg,train,590,528,1,21,15985.00,166,131,21746.00
cju5yjq1pmlgc0801z0t24bly.jpg,train,570,530,1,21,37214.00,213,286,60918.00
cju5ymyd8mmdc0801ry3by1xr.jpg,train,622,528,1,17,11070.50,102,164,16728.00
cju6ur9l9v9jq0755paud9uka.jpg,train,561,529,1,30,8698.00,109,122,13298.00
cju6us80mv1b50871ebyq2wxa.jpg,train,562,530,1,46,3756.00,55,93,5115.00
cju6ut4l8va6y0755tyw3vfqq.jpg,train,605,529,1,33,8175.00,111,102,11322.00
cju6uy20suzbl0987rzuhz7z9.jpg,train,626,546,1,21,58780.50,239,324,77436.00
cju6uzxk0v83p0801rcwnexdu.jpg,train,626,547,1,23,100824.00,364,467,169988.00
cju6v1m1xv07w09870ah3njy1.jpg,train,565,530,2,35,11350.00,132,115,15180.00
cju6v1m1xv07w09870ah3njy1.jpg,train,565,530,2,30,6514.00,94,95,8930.00
cju6v3bb2v7xo085090blubyw.jpg,train,626,547,2,17,22198.00,281,279,78399.00
cju6v3bb2v7xo085090blubyw.jpg,train,626,547,2,13,17586.00,176,154,27104.00
cju6v4szov55u0871qmqz3v8n.jpg,train,370,523,1,22,82671.50,302,383,115666.00
cju6v5ilsv8hk0850rb5sgh6o.jpg,train,622,530,1,23,9828.50,123,114,14022.00
cju6v6g6kvdw007552x6mb0po.jpg,train,570,530,1,15,43617.50,273,223,60879.00
cju6vgdmivcvb08018fra5lnv.jpg,train,571,529,1,24,48511.00,219,311,68109.00
cju6vifjlv55z0987un6y4zdo.jpg,train,622,529,1,21,201626.00,485,529,256565.00
cju6vqarjv7yo0987q4b1btk1.jpg,train,584,529,1,19,34846.00,184,250,46000.00
cju6vrs1ov8cr098788h8gs6j.jpg,train,621,529,1,25,16506.50,171,155,26505.00
cju6vta3kvazg0817qbeppjtm.jpg,train,622,528,1,25,76803.00,320,348,111360.00
cju6vucxvvlda0755j7msqnya.jpg,train,626,546,2,58,1447.50,42,50,2100.00
cju6vucxvvlda0755j7msqnya.jpg,train,626,546,2,15,13554.50,143,133,19019.00
cju6vvb8svhed0801jjcquh5e.jpg,train,604,530,1,27,4691.50,64,146,9344.00
cju6vvxsev9y30987kespucdg.jpg,train,620,475,1,16,21886.00,177,170,30090.00
cju6w733bveoz0817e600tw72.jpg,train,477,530,1,19,23665.50,175,175,30625.00
cju6wi3akvn8r0801px8eligc.jpg,train,494,530,1,23,160093.50,403,520,209560.00
cju6wjm81vgsc0987enk9n3pr.jpg,train,623,528,1,16,85767.00,303,348,105444.00
cju6wll7wvo3y08502pagos8m.jpg,train,568,497,1,25,62464.00,332,311,103252.00
cju6wn57mvooj0850rp78hhy7.jpg,train,622,531,1,21,105656.00,360,443,159480.00
cju6wt9jvvn500871hjn3t3g0.jpg,train,622,530,1,26,60229.00,280,305,85400.00
cju6wuojavt740818b5qcv3iw.jpg,train,599,530,1,32,85169.00,333,352,117216.00
cju6x0yqbvxqt0755dhxislgb.jpg,train,622,530,1,27,43910.00,252,244,61488.00
cju6x35ervu2808015c7eoqe4.jpg,train,622,530,1,28,65732.50,343,333,114219.00
cju6x4t13vyw60755gtcf9ndu.jpg,train,621,529,1,23,69022.00,238,382,90916.00
cju6x97w4vwua0850x0997r0a.jpg,train,626,547,1,20,26652.50,152,260,39520.00
cju6xa0qmvzun0818xjukgncj.jpg,train,575,530,1,17,34432.50,203,224,45472.00
cju6xifswvwbo0987nibtdr50.jpg,train,618,531,1,17,110459.00,328,436,143008.00
cju6xlygpw7bs0818n691jsq4.jpg,train,570,531,1,34,93598.50,339,435,147465.00
cju6xmqd9w0250817l5kxfnsk.jpg,train,494,530,1,17,28505.50,166,235,39010.00
cju6ywm40wdbo0987pbftsvtg.jpg,train,622,528,1,20,47926.50,265,251,66515.00
cju6yxyt0wh080871sqpepu47.jpg,train,616,528,1,26,22922.50,143,238,34034.00
cju6yywx1whbb0871ksgfgf9f.jpg,train,622,530,1,21,27364.00,204,181,36924.00
cju6z1bzbwfq50817b2alatvr.jpg,train,626,547,1,18,144837.50,428,421,180188.00
cju6z2616wqbk07555bvnuyr1.jpg,train,554,531,1,21,27333.00,166,219,36354.00
cju6z600qwh4z081700qimgl9.jpg,train,612,530,1,21,15285.00,134,155,20770.00
cju6z7e4bwgdd0987ogkzq9kt.jpg,train,623,528,1,17,48078.50,279,291,81189.00
cju6z9a9kwsl007552s49rx6i.jpg,train,622,528,2,19,48419.00,280,215,60200.00
cju6z9a9kwsl007552s49rx6i.jpg,train,622,528,2,71,2280.50,59,56,3304.00
cju76erapykj30871x5eaxh4q.jpg,train,621,529,1,23,68553.50,276,344,94944.00
cju76l27oyrw907551ri2a7fl.jpg,train,396,480,1,21,49188.00,220,327,71940.00
cju76lsehyia10987u54vn8rb.jpg,train,622,546,1,15,18619.50,153,182,27846.00
cju76o55nymqd0871h31sph9w.jpg,train,600,529,1,61,1984.00,42,65,2730.00
cju77196iyshb0850ycbto50a.jpg,train,622,529,1,20,87918.50,356,352,125312.00
cju772304yw5t0818vbw8kkjf.jpg,train,622,546,1,17,19743.50,150,182,27300.00
cju773hsyyosz0817pk1e7sjq.jpg,train,618,530,1,22,35173.00,191,260,49660.00
cju774fmayxif0818u2g79usw.jpg,train,622,530,1,17,18995.00,183,166,30378.00
cju7787c5yy3l080159mwqsnj.jpg,train,622,530,1,21,18397.50,153,185,28305.00
cju77afzlz3kp07550x5nafzs.jpg,train,622,528,1,35,179972.50,459,528,242352.00
cju77b3wyz4160755qis4ljsb.jpg,train,571,530,1,23,12610.00,127,146,18542.00
cju77bvg0yv4r0987yh60xmjo.jpg,train,616,546,1,19,25641.50,202,164,33128.00
cju77g99iyxc00817zqi2ppor.jpg,train,620,531,1,19,88308.50,404,335,135340.00
cju77idwfz36d0871tzfzz51i.jpg,train,605,528,1,27,60194.50,361,239,86279.00
cju77j66ez52p08019xygi0co.jpg,train,613,530,1,15,9987.50,164,91,14924.00
cju77k828z46w0871r0avuoo9.jpg,train,622,530,1,18,31562.00,231,185,42735.00
cju77q10sz9ug0801449wu1nu.jpg,train,608,528,1,23,32282.50,235,262,61570.00
cju77re6fz5bb0817vp9redjg.jpg,train,443,530,1,19,20955.00,155,198,30690.00
cju77t0razbvm080106o56289.jpg,train,570,528,1,30,167758.50,428,528,225984.00
cju77u1sjz77b0817ft44r3fk.jpg,train,622,531,1,22,38287.50,195,253,49335.00
cju77vvcwzcm50850lzoykuva.jpg,train,618,529,1,19,25270.50,248,162,40176.00
cju783tmkzkqu081803g7q5vk.jpg,train,618,494,1,25,34594.00,259,185,47915.00
cju784jpdzeae0987q5ypq883.jpg,train,580,531,1,18,33328.00,226,190,42940.00
cju785htizjzo08017tvlhtg4.jpg,train,546,530,1,20,29357.00,178,215,38270.00
cju787jnjzjuj0871p94nck9g.jpg,train,626,546,1,19,42756.50,208,284,59072.00
cju7adqyj1jcx08712r1ro5gx.jpg,train,622,480,1,24,82764.00,357,321,114597.00
cju7ae7bq1f820987toc8si1d.jpg,train,509,530,1,20,9730.50,114,124,14136.00
cju7aez2x1jtj0871ztezs3oi.jpg,train,621,510,1,26,8999.50,119,112,13328.00
cju7afqon1ip40850ue2308b6.jpg,train,617,528,1,19,15213.00,139,185,25715.00
cju7agj961l2r0818z29iq8yn.jpg,train,622,530,1,16,21171.00,154,180,27720.00
cju7ahtkb1jr90801jck4kbds.jpg,train,602,546,1,20,42601.50,206,291,59946.00
cju7aifyo1p3n07552nxjx51f.jpg,train,622,531,1,14,19145.50,148,175,25900.00
cju7ajnbo1gvm098749rdouk0.jpg,train,626,546,1,20,77110.00,376,270,101520.00
cju7aklv31h4309871m29l4e7.jpg,train,615,529,1,17,32889.00,186,252,46872.00
cju7alcgr1lsr0871riqk84z7.jpg,train,622,530,1,20,31893.50,218,193,42074.00
cju7amjna1ly40871ugiokehb.jpg,train,552,531,1,16,41220.50,202,284,57368.00
cju7ap09p1kz10850ldccjebj.jpg,train,626,546,1,18,16627.50,129,191,24639.00
cju7apr0c1qqm0755s7msqot4.jpg,train,584,530,1,21,40603.50,191,281,53671.00
cju7aqkue1i2k09879uzcpt8r.jpg,train,621,530,1,18,19563.50,126,217,27342.00
cju7arvfe1ldu0850erdmphgj.jpg,train,622,529,1,19,49634.00,294,260,76440.00
cju7atnm31if40817pqclnjer.jpg,train,622,531,1,26,52998.00,317,348,110316.00
cju7avvi51iox0817ym55y6tt.jpg,train,626,546,1,35,176047.00,565,460,259900.00
cju7awzmu1ncs0871hziy65zx.jpg,train,592,527,1,18,24634.00,157,209,32813.00
cju7azuu31mia0801pf9ib5ed.jpg,train,605,530,1,29,22212.50,169,196,33124.00
cju7b10ce1mnm08011c5bwyr4.jpg,train,622,530,1,23,55704.00,278,314,87292.00
cju7b1ygu1msd0801hywhy0mc.jpg,train,617,530,1,20,48767.00,223,337,75151.00
cju7b2l561oas0871decgslaf.jpg,train,569,531,1,18,26235.50,200,183,36600.00
cju7b3f5h1sm40755i572jden.jpg,train,622,531,1,19,48151.00,355,204,72420.00
cju7b4mtw1n9n080186209f3d.jpg,train,600,528,1,16,13311.00,141,140,19740.00
cju7b5afm1nfw0801xqm8bf8q.jpg,train,599,531,1,18,17779.00,153,165,25245.00
cju7b9vcs1luz0987ta60j1dy.jpg,train,626,547,1,17,44430.00,220,260,57200.00
cju7bb3ss1uoo0755pmhyco7t.jpg,train,502,529,1,22,44612.50,261,225,58725.00
cju7bc95p1mdm0817yqj5jc6j.jpg,train,622,529,1,19,28390.50,183,226,41358.00
cju7bd1qu1mx409877xjxibox.jpg,train,570,530,1,18,28034.00,196,194,38024.00
cju7bduyq1rjf08719giru9ho.jpg,train,622,508,1,21,37560.00,218,222,48396.00
cju7bf1lp1shi081835vs84lc.jpg,train,570,530,1,23,109060.00,399,421,167979.00
cju7bfx651qr80801cs7epotb.jpg,train,622,528,1,28,59953.00,299,290,86710.00
cju7bgnvb1sf808717qa799ir.jpg,train,590,528,1,21,57951.50,290,299,86710.00
cju7bmi1v1pnj0987pa52jjok.jpg,train,614,530,1,22,43513.50,259,222,57498.00
cju7cl8zm1xcu0817ado0jpas.jpg,train,570,530,1,24,100991.50,408,377,153816.00
cju7cp6dw244p0818gncdol4m.jpg,train,622,530,1,18,11690.00,103,149,15347.00
cju7cq6su27qv075574dir0r3.jpg,train,622,530,1,22,42667.50,318,216,68688.00
cju7crgxa28550755wbsgqkel.jpg,train,622,504,1,20,45236.50,272,232,63104.00
cju7csvlb22fr0850lvm45n3x.jpg,train,622,530,1,30,96366.50,283,482,136406.00
cju7ctvqn25dy08186g442m1r.jpg,train,622,531,1,18,45229.50,253,315,79695.00
cju7cue9b232j0801qdzk1ykj.jpg,train,613,528,1,17,27742.50,202,177,35754.00
cju7cufm7298k0755j09uf3of.jpg,train,614,531,1,20,38214.50,235,216,50760.00
cju7d1tvt25bu08019dvw3uff.jpg,train,571,531,1,19,83793.50,376,339,127464.00
cju7d2q1k27nf08715zshsckt.jpg,train,620,530,1,21,71476.50,373,296,110408.00
cju7d3oc82cho0755dajlwldz.jpg,train,622,529,1,24,56209.00,252,313,78876.00
cju7d4jk723eu0817bqz2n39m.jpg,train,615,530,1,23,40631.00,211,278,58658.00
cju7d5m0p23kn09871rk7pu3v.jpg,train,563,531,1,27,113102.00,411,504,207144.00
cju7d6ux323ze0987xos3srkx.jpg,train,621,527,1,34,121682.50,415,438,181770.00
cju7d7aut2a2p0818z4uxc6cd.jpg,train,621,530,1,37,5452.00,78,106,8268.00
cju7d7tly27h408016fyp5nr7.jpg,train,528,528,1,21,43175.50,217,300,65100.00
cju7d8m3b2e210755l8fj1yph.jpg,train,619,528,1,27,87892.00,429,286,122694.00
cju7d9seq29zd0871nzl2uu5m.jpg,train,622,528,1,31,73545.50,342,322,110124.00
cju7da88w2eod0755wejzynvt.jpg,train,622,484,1,29,10231.00,117,114,13338.00
cju7db7lp2f400755tntd1ohf.jpg,train,612,522,1,20,83835.00,341,373,127193.00
cju7dbppn28nx085097654msi.jpg,train,626,546,1,22,100524.00,374,388,145112.00
cju7dda8w2br20818zhsuz8s7.jpg,train,564,530,1,29,109228.00,379,400,151600.00
cju7ddtz729960801uazp1knc.jpg,train,622,528,1,22,56240.50,265,270,71550.00
cju7deifq2fzn0755lc8idyh8.jpg,train,626,547,1,21,26506.50,195,196,38220.00
cju7dff9529h208503w60lbil.jpg,train,619,530,1,31,167280.50,466,510,237660.00
cju7dglf226g50987ohbthl19.jpg,train,621,528,1,28,54848.00,328,307,100696.00
cju7dhpsc2dnn0818025m6857.jpg,train,554,531,1,28,143989.00,415,450,186750.00
cju7dizi82h2i0755doucgnt3.jpg,train,622,529,1,21,24539.00,204,178,36312.00
cju7dlk532dsh0871zvr6qz0r.jpg,train,627,547,1,23,63123.50,241,373,89893.00
cju7dmlgf2ebw0871ieqas5fh.jpg,train,608,529,3,19,20674.00,187,153,28611.00
cju7dmlgf2ebw0871ieqas5fh.jpg,train,608,529,3,80,2183.00,57,60,3420.00
cju7dmlgf2ebw0871ieqas5fh.jpg,train,608,529,3,56,4718.50,71,101,7171.00
cju7dn24o296i09871qfxb8s2.jpg,train,626,547,1,21,50421.00,282,283,79806.00
cju7do8c72dbo0801vxfzxdc4.jpg,train,626,547,1,19,13868.50,126,156,19656.00
cju7efffp2ivf0817etg3jehl.jpg,train,626,546,1,24,148378.00,418,509,212762.00
cju7ehljc2or70871261br8ai.jpg,train,569,531,1,25,164508.00,428,527,225556.00
cju7ejm2l2ncl0801wq6y84nw.jpg,train,626,546,1,15,22948.00,226,140,31640.00
cju7ekbo32pft0871fv7kzwb9.jpg,train,571,521,1,31,8898.00,120,101,12120.00
cju7el6xv2k520817qxx9wdr5.jpg,train,626,546,1,20,85668.00,376,318,119568.00
cju7emdni2py40871ivhxjtut.jpg,train,622,529,1,28,115945.50,340,515,175100.00
cju7eotqi2qea0871y8yc7tqh.jpg,train,626,546,1,30,221595.50,585,546,319410.00
cju7epwj82koz098713apjnzo.jpg,train,622,528,1,23,23128.50,189,171,32319.00
cju7er4kc2opa0801anuxc0eb.jpg,train,622,528,1,24,56418.50,310,255,79050.00
cju7es23b2vcp0755gpbm9s7v.jpg,train,584,529,1,20,114869.50,347,415,144005.00
cju7et17a2vjk0755e743npl1.jpg,train,626,546,2,19,6974.50,95,141,13395.00
cju7et17a2vjk0755e743npl1.jpg,train,626,546,2,42,6550.00,93,95,8835.00
cju7etr3y2p4t0801cdzjj8ab.jpg,train,623,528,1,19,26242.50,187,212,39644.00
cju7eueum2oqn0850rodmx8zo.jpg,train,562,530,1,21,24929.50,189,177,33453.00
cju7ev2b12owa08500bpfpwyw.jpg,train,622,530,1,30,62716.00,333,328,109224.00
cju7evxt12m730987rxivne3x.jpg,train,510,528,1,26,101517.00,287,467,134029.00
cju7ey10f2rvf0871bwbi9x82.jpg,train,622,530,1,23,19267.50,143,188,26884.00
cju7ez7r22qbc08015xfoz2wb.jpg,train,612,530,1,23,106493.00,472,324,152928.00
cju7ezs7g2mxm098787atbran.jpg,train,622,530,1,16,15340.50,135,155,20925.00
cju7f0ec32txj08184asb8w5f.jpg,train,604,445,1,20,17744.00,146,154,22484.00
cju7f4sc62xqj075597xpmuoy.jpg,train,626,547,1,21,47481.00,232,274,63568.00
cju7f5ghb2r5s0801chwkxxh9.jpg,train,1220,1010,1,22,366073.50,710,718,509780.00
cju7f6cqy2ur20818t1saazbm.jpg,train,626,546,1,27,43084.00,239,275,65725.00
cju7f900s2o0k08175gl1giid.jpg,train,622,529,1,30,60189.00,274,369,101106.00
cju7f9umg2olj0987fj5y285w.jpg,train,622,529,1,19,47813.00,284,261,74124.00
cju7fazv92ywx0755xov2erga.jpg,train,605,528,1,19,106245.50,383,350,134050.00
cju7fbndk2sl608015ravktum.jpg,train,569,530,1,20,33010.00,194,247,47918.00
cju7fcgbe2z3p07550vaflqdb.jpg,train,620,530,1,18,30993.00,210,206,43260.00
cju7fd6yt2p740987wkr8exo1.jpg,train,613,530,1,30,9879.00,113,119,13447.00
cju7fen322ou10817ziqkob4k.jpg,train,622,528,3,18,27353.00,190,237,45030.00
cju7fen322ou10817ziqkob4k.jpg,train,622,528,3,53,4675.00,68,96,6528.00
cju7fen322ou10817ziqkob4k.jpg,train,622,528,3,17,6387.50,83,109,9047.00
cju7ff97z2ow40817u2r83my5.jpg,train,622,529,1,27,9253.00,129,103,13287.00
cju7flevb2wii08188otgs9p2.jpg,train,600,528,1,23,208362.50,511,523,267253.00
cju7fmvpk2q170987v6i3ola8.jpg,train,620,531,1,22,60111.00,241,330,79530.00
cju7fnfv02tt90801djnix9m8.jpg,train,622,528,1,40,6116.00,87,99,8613.00
cju7fob3x301u0755x985pmmq.jpg,train,577,528,1,23,35712.00,247,235,58045.00
cju7fpfzq2wyf0818xxd1oziv.jpg,train,570,530,1,23,62001.00,255,361,92055.00
cju7fq7mm2pw508176uk5ugtx.jpg,train,571,506,1,19,86667.50,337,330,111210.00
cju7frtqu2xa20818wq8r9fzf.jpg,train,619,531,1,22,57934.00,256,342,87552.00
cju7g7ba42z310987bqzbi2bq.jpg,train,588,530,1,25,114468.50,353,514,181442.00
cju83h9ysjwe808716nt35oah.jpg,train,571,531,1,22,13966.50,159,130,20670.00
cju83ipu3jwpx0801z5pvguf8.jpg,train,622,529,1,22,9806.00,177,85,15045.00
cju83k8fyjsxr0817d6nxs6r4.jpg,train,621,528,1,23,35953.50,292,195,56940.00
cju83kxitjv340987z09m0ezy.jpg,train,626,546,1,18,13561.50,163,127,20701.00
cju83mki1jv5w0817kubxm31r.jpg,train,625,547,1,20,90220.50,391,361,141151.00
cju83nwu1jxte0987h1krpfmv.jpg,train,621,528,1,21,30593.50,225,195,43875.00
cju83qd0yjyht0817ktkfl268.jpg,train,572,531,1,26,126979.50,438,391,171258.00
cju83rcnzkbsj0755x5anfrcg.jpg,train,572,529,1,16,27570.00,194,192,37248.00
cju83syhdk6gs0801rf1rekdl.jpg,train,626,546,1,19,31194.50,200,217,43400.00
cju83u9ftk3ni0987qnhlcinv.jpg,train,576,476,1,23,82879.50,307,357,109599.00
cju83vvmik9wa08710yeh7cuk.jpg,train,570,530,1,22,21493.50,160,195,31200.00
cju83wwn1k55e0850kw6i2d81.jpg,train,622,527,1,18,22777.00,178,191,33998.00
cju83yddek68q0850d2x7zfkm.jpg,train,622,529,1,26,58041.00,270,317,85590.00
cju8402x1kcy70801t6kz6bdi.jpg,train,626,547,1,24,57670.50,281,281,78961.00
cju8418jhkf7d0818ga2v0xq0.jpg,train,626,546,1,19,140702.50,391,497,194327.00
cju8432cmkgq90871cxe4iptl.jpg,train,626,546,1,29,102242.50,425,357,151725.00
cju843yjskhq30818qre4rwm2.jpg,train,547,437,1,20,12855.00,94,214,20116.00
cju846ec0kj7z08012o10klrb.jpg,train,616,530,1,31,31852.50,172,254,43688.00
cju847pxykriq0755268ktrk2.jpg,train,606,531,1,34,67886.50,397,417,165549.00
cju849c23kgnk0817cgv2hw1e.jpg,train,622,531,1,16,26319.00,200,204,40800.00
cju84aoa3ktwn0755pfl4gfwd.jpg,train,626,547,1,15,117396.00,470,326,153220.00
cju84dsvaklpx098750hp83x4.jpg,train,570,530,1,31,114744.50,439,455,199745.00
cju84ffdzkrjn08183jh1fxmb.jpg,train,616,529,1,22,24810.50,176,194,34144.00
cju84gpefknwm098714oq8q61.jpg,train,622,528,1,17,42941.50,260,256,66560.00
cju84hibuktj80871u519o71q.jpg,train,622,529,1,16,20432.00,150,178,26700.00
cju84ih17kp5l09876bkooocl.jpg,train,622,531,1,21,36047.00,184,282,51888.00
cju84jdl9kv0i0871eog9b3i9.jpg,train,1348,1070,1,21,309900.00,815,566,461290.00
cju84kplnl1y30755ropua1b0.jpg,train,622,528,1,34,160171.50,409,528,215952.00
cju8567gdlcbq0801dwwyo2jt.jpg,train,570,530,1,20,90400.00,375,317,118875.00
cju857ad0l88m0817qx4cwxnf.jpg,train,623,529,1,25,41512.50,232,267,61944.00
cju858eswlepn0871pzvdrhj1.jpg,train,570,530,1,17,67874.00,294,313,92022.00
cju85a8h8llwm07559wxg4t5w.jpg,train,622,529,1,17,19079.00,142,187,26554.00
cju85bf1algsq0871y9gtlq97.jpg,train,475,528,1,24,21048.00,179,196,35084.00
cju85c2d4ln1b0755zz1z3onx.jpg,train,599,531,1,42,4129.50,77,74,5698.00
cju85citjlnfm0755i4rk5tqj.jpg,train,623,547,1,35,7847.50,98,114,11172.00
cju85dx63lic408017f0l0400.jpg,train,595,528,1,27,9515.50,132,96,12672.00
cju85fc11ljr40818edpb0inh.jpg,train,607,528,1,22,101655.50,387,396,153252.00
cju85hguellg50818kwu3s8d1.jpg,train,622,528,1,17,130743.00,403,407,164021.00
cju85ia1slh220987y7c20sm2.jpg,train,622,528,1,18,23827.00,184,169,31096.00
cju85je7vlht70817c9jcjwi4.jpg,train,1220,1011,1,27,440702.00,745,792,590040.00
cju85l4yjlops0801fvmnwptf.jpg,train,570,531,1,24,105533.00,378,450,170100.00
cju85mpuglq8k0818d2it6hzb.jpg,train,615,546,1,20,60073.00,242,336,81312.00
cju885ikhnmkn09878s2lqtuh.jpg,train,570,530,1,24,29700.00,189,216,40824.00
cju886ryxnsl50801r93jai7q.jpg,train,622,530,1,24,41882.00,214,278,59492.00
cju887ftknop008177nnjt46y.jpg,train,619,528,1,21,11658.00,94,169,15886.00
cju888fr7nveu0818r9uwtiit.jpg,train,571,530,1,17,39441.50,183,301,55083.00
cju88aq6vo1ij0755c2ey7z7n.jpg,train,570,530,1,21,71954.00,291,326,94866.00
cju88cddensj00987788yotmg.jpg,train,622,531,1,17,18444.00,140,179,25060.00
cju88evxanv9r08176zkeovec.jpg,train,570,530,1,24,42722.00,331,362,119822.00
cju88fpm4o0tl0871w1i6a4ds.jpg,train,611,423,1,44,5873.00,96,93,8928.00
cju88gx09o2vk0818610zody3.jpg,train,626,547,1,21,23607.00,188,195,36660.00
cju88itqbny720987hxizbj5y.jpg,train,570,530,1,36,63820.00,305,317,96685.00
cju88k75inzyb0850ccv5x3vk.jpg,train,549,531,1,23,70385.50,357,276,98532.00
cju88l66no10s0850rsda7ej1.jpg,train,571,530,1,13,245091.00,514,530,272420.00
cju88msmoo3470817m441j4sg.jpg,train,615,530,1,28,49418.00,246,305,75030.00
cju88nroho44508500129f1nh.jpg,train,621,530,1,30,8307.50,99,117,11583.00
cju88oh0po9gq0801nge4tgr1.jpg,train,604,531,1,25,12097.50,130,127,16510.00
cju88q6h6obpd0871ckmiabbo.jpg,train,626,546,3,49,4156.00,87,67,5829.00
cju88q6h6obpd0871ckmiabbo.jpg,train,626,546,3,22,9267.00,79,181,14299.00
cju88q6h6obpd0871ckmiabbo.jpg,train,626,546,3,18,21740.00,217,121,26257.00
cju88rl5eo94l0850kf5wtrm1.jpg,train,590,530,1,39,92917.50,346,373,129058.00
cju88t4fvokxf07558ymyh281.jpg,train,570,530,1,20,15753.00,132,152,20064.00
cju88trl3ogi208716qvti51b.jpg,train,540,530,1,22,13652.00,114,162,18468.00
cju88v2f9oi8w0871hx9auh01.jpg,train,626,546,1,34,7486.50,95,112,10640.00
cju88vx2uoocy075531lc63n3.jpg,train,596,508,1,25,9862.50,130,100,13000.00
cju88y1mwoln50871emyfny1g.jpg,train,621,529,1,32,115679.50,444,405,179820.00
cju88z8bson4h0871nnd7fdxo.jpg,train,626,546,1,21,30818.50,229,204,46716.00
cju890guyoiti098753yg6cdu.jpg,train,626,547,1,27,38694.00,220,253,55660.00
cju8914beokbf0850isxpocrk.jpg,train,626,547,1,40,6911.00,104,103,10712.00
cju892fesoq2g0801n0e0jyia.jpg,train,589,546,1,17,68660.50,384,258,99072.00
cju893jmdompz0817xn3g1w4h.jpg,train,626,547,1,19,54845.50,259,285,73815.00
cju89y9h0puti0818i5yw29e6.jpg,train,626,547,1,28,97871.50,347,432,149904.00
cju89z6pqpqfx0817mfv8ixjc.jpg,train,622,531,1,36,4771.00,113,68,7684.00
cju8a1jtvpt9m081712iwkca7.jpg,train,1348,1070,1,26,268585.00,410,782,320620.00
cju8a2itsq4dv0755ntlovpxe.jpg,train,582,531,1,22,11660.50,119,147,17493.00
cju8a3nhbpwnb0850d37fo2na.jpg,train,622,528,1,22,19251.00,179,156,27924.00
cju8a56vxpy780850r45yu4wk.jpg,train,584,530,1,25,38441.00,241,248,59768.00
cju8a84g0q76m0818hwiggkod.jpg,train,554,529,1,44,134556.00,416,459,190944.00
cju8abobpqbir08189u01huru.jpg,train,626,547,1,19,36509.00,267,170,45390.00
cju8adb60qbiu080188mxpf8d.jpg,train,623,528,1,16,26069.50,183,184,33672.00
cju8aeei7q8k308173n9y4klv.jpg,train,606,528,1,20,20945.50,159,184,29256.00
cju8aj01yqeqm0850lhdz3xdw.jpg,train,622,531,1,21,69132.50,312,295,92040.00
cju8alhigqn2h0801zksudldd.jpg,train,614,528,1,32,95416.00,365,355,129575.00
cju8amfdtqi4x09871tygrgqe.jpg,train,622,530,1,19,43686.00,222,278,61716.00
cju8ando2qqdo0818ck7i1be1.jpg,train,570,530,1,19,25066.50,152,233,35416.00
cju8apjewqrk00801k5d71gky.jpg,train,451,530,1,12,34621.00,184,288,52992.00
cju8aqq8uqmoq0987hphto9gg.jpg,train,626,546,1,21,90196.00,324,393,127332.00
cju8arof2qpf20850ifr1bnqj.jpg,train,594,530,1,20,47511.50,220,365,80300.00
cju8ashhnquqr0801rwduzt7d.jpg,train,1220,1011,1,16,88670.50,345,405,139725.00
cju8at3s1qqqx0850hcq8nmnq.jpg,train,593,529,1,20,8180.00,118,128,15104.00
cju8auylgqx0z0871u4o4db7o.jpg,train,622,531,1,26,9179.00,117,103,12051.00
cju8aw9n1qyg10801jkjlmors.jpg,train,622,530,1,26,84977.00,316,383,121028.00
cju8axq24r4an0755yhv9d4ly.jpg,train,603,530,1,27,11103.00,129,117,15093.00
cju8ayeq7r1fb0818z1junacy.jpg,train,602,528,1,19,13068.00,124,147,18228.00
cju8azmhcr66e0755t61atz72.jpg,train,548,531,1,19,51344.00,225,307,69075.00
cju8b0jr0r2oi0801jiquetd5.jpg,train,621,528,1,19,18570.00,146,178,25988.00
cju8b1v3br45u087189kku66u.jpg,train,626,546,1,23,83231.00,292,358,104536.00
cju8b2rmgr52s0801p54eyflx.jpg,train,587,530,1,23,51377.00,303,249,75447.00
cju8b3ka8r64u0801fh18hk7l.jpg,train,626,546,1,21,11842.50,110,145,15950.00
cju8b4ja9r2s808509d45ma86.jpg,train,623,529,1,22,72156.50,277,363,100551.00
cju8b542nr81x0871uxnkm9ih.jpg,train,622,531,1,28,6287.50,105,83,8715.00
cju8b5p40r2c60987ofa0mu03.jpg,train,598,531,1,20,14410.50,152,131,19912.00
cju8b6rp0r5st0850184f79xt.jpg,train,626,546,1,24,93417.00,316,424,133984.00
cju8b7aqtr4a00987coba14b7.jpg,train,622,530,1,18,11358.00,148,124,18352.00
cju8b8yair65w09878pyqtr96.jpg,train,520,529,1,21,34203.00,179,319,57101.00
cju8bafgqrf4x0818twisk3ea.jpg,train,531,530,1,19,48905.50,280,265,74200.00
cju8bbznkrf5g0871jncffynk.jpg,train,619,531,1,29,74322.00,307,379,116353.00
cju8bff9nrfi10850fmfzbf8v.jpg,train,437,529,1,21,25197.50,176,195,34320.00
cju8bgdmqrksy0801tozdmraa.jpg,train,622,529,1,24,13828.50,147,122,17934.00
cju8bh8surexp0987o5pzklk1.jpg,train,577,506,1,23,66134.50,295,298,87910.00
cju8bi8q7rlmn0871abc5ch8k.jpg,train,622,531,1,18,21015.50,176,157,27632.00
cju8bj2ssrmlm0871gc2ug2rs.jpg,train,469,449,1,42,943.50,36,37,1332.00
cju8bk8oirjhw0817hgkua2w8.jpg,train,575,509,1,29,85618.50,317,434,137578.00
cju8bljw9rqk20801kr54akrl.jpg,train,621,529,1,22,90539.50,338,383,129454.00
cju8bm24yrrdp081829mbo8ic.jpg,train,626,546,1,18,25892.50,164,221,36244.00
cju8bn7m2rmm70817hgxpb1uq.jpg,train,626,547,1,26,76154.50,375,331,124125.00
cju8bop5jrsid08716i24fqda.jpg,train,622,531,1,20,23994.00,184,174,32016.00
cju8bpctzrqkr0850zeldv9kt.jpg,train,626,546,1,21,26262.50,212,173,36676.00
cju8bqxxurs6i0850mu7mtef9.jpg,train,600,528,1,18,40517.00,229,245,56105.00
cju8brv16rx7f0818uf5n89pv.jpg,train,622,529,1,34,8427.50,114,103,11742.00
cju8bssulrrcy0987h1vq5060.jpg,train,548,531,1,16,53053.00,294,218,64092.00
cju8buos5rz9b08715lfr0f4f.jpg,train,576,530,1,25,65284.00,407,246,100122.00
cju8bw697rwg308177tg8huas.jpg,train,581,531,1,38,133959.00,430,500,215000.00
cju8bysfgrzkl081786jwac09.jpg,train,619,471,1,27,50366.00,282,225,63450.00
cju8bzzy2s66m08016z6mouqt.jpg,train,622,529,1,23,22182.50,167,175,29225.00
cju8c1a0ws7o208181c6lbsom.jpg,train,625,546,1,23,116415.00,486,341,165726.00
cju8c2rqzs5t80850d0zky5dy.jpg,train,615,490,1,34,93219.00,415,390,161850.00
cju8c3xs7sauj0801ieyzezr5.jpg,train,626,546,1,25,77022.00,297,329,97713.00
cju8c5223s8j80850b4kealt4.jpg,train,619,529,1,24,22979.50,191,326,62266.00
cju8c5mxls96t0850wvkvsity.jpg,train,609,531,1,19,41707.00,233,245,57085.00
cju8c5zcbsdfz0801o5t6jag1.jpg,train,626,546,1,23,8805.00,120,110,13200.00
cju8c6hnxsdvr0801wn0vrsa6.jpg,train,617,531,1,41,3526.00,91,58,5278.00
cju8c82iosagu0817l74s4m5g.jpg,train,626,547,1,43,123774.00,402,523,210246.00
cju8c9akjsdjj0850s67uzlxq.jpg,train,570,518,1,24,35443.00,194,239,46366.00
cju8ca4geseia0850i2ru11hw.jpg,train,617,529,1,18,29567.50,236,244,57584.00
cju8cattbsivm0818p446wgel.jpg,train,621,531,1,21,128900.00,440,461,202840.00
cju8cbsyssiqj0871gr4jedjp.jpg,train,571,531,1,20,43058.00,231,255,58905.00
cju8cdeazsm8h0801jxifmzur.jpg,train,626,547,1,23,43214.00,229,248,56792.00
cju0s690hkp960855tjuaqvv0.jpg,val,621,530,1,34,11860.00,112,148,16576.00
cju0sr5ghl0nd08789uzf1raf.jpg,val,1214,1019,2,27,95296.00,397,403,159991.00
cju0sr5ghl0nd08789uzf1raf.jpg,val,1214,1019,2,25,68871.00,336,309,103824.00
cju0sxqiclckk08551ycbwhno.jpg,val,570,531,1,21,12975.50,142,137,19454.00
cju0t4oil7vzk099370nun5h9.jpg,val,622,530,1,45,111408.50,369,410,151290.00
cju0tl3uz8blh0993wxvn7ly3.jpg,val,622,529,1,79,1664.00,55,48,2640.00
cju0u2g7pmnux0801vkk47ivj.jpg,val,611,530,1,32,94196.50,367,377,138359.00
cju0u82z3cuma0835wlxrnrjv.jpg,val,626,546,1,38,83868.50,315,440,138600.00
cju0ue769mxii08019zqgdbxn.jpg,val,626,547,1,25,16111.50,159,156,24804.00
cju0vtox5ain6099360pu62rp.jpg,val,622,531,1,22,14498.50,155,144,22320.00
cju13cgqmnhwn0988yrainhcp.jpg,val,626,546,1,25,42141.50,219,259,56721.00
cju13fwthn9mq0835gacxgy01.jpg,val,623,529,1,28,45283.50,268,246,65928.00
cju13hp5rnbjx0835bf0jowgx.jpg,val,622,531,1,29,34913.50,219,229,50151.00
cju14g8o4xui30878gkgbrvqj.jpg,val,622,531,1,34,8369.00,103,115,11845.00
cju14hjh2ob2o0835ouz3r5aa.jpg,val,609,546,1,31,41345.50,236,253,59708.00
cju14pxbaoksp0835qzorx6g6.jpg,val,622,530,1,25,23402.00,205,154,31570.00
cju15czxqp3lv0835jvhgzurz.jpg,val,620,547,1,46,91965.50,404,396,159984.00
cju15jr8jz8sb0855ukmkswkz.jpg,val,594,528,1,28,98030.50,346,375,129750.00
cju15l5ubz9yh0855b3ivdpse.jpg,val,626,547,1,25,11746.00,143,121,17303.00
cju15mhjczc8z0801kit5c6di.jpg,val,624,546,1,26,45517.00,259,248,64232.00
cju15ptjtppz40988odsm9azx.jpg,val,622,529,1,32,19315.00,199,154,30646.00
cju15wdt3zla10801odjiw7sy.jpg,val,622,529,1,29,53445.50,260,289,75140.00
cju160wshltz10993i1gmqxbe.jpg,val,607,530,1,28,8367.00,90,124,11160.00
cju16ach3m1da0993r1dq3sn2.jpg,val,616,528,1,49,86182.00,344,338,116272.00
cju16b6ynq8e40988m8vx0xnj.jpg,val,571,530,1,37,5452.00,89,86,7654.00
cju16d65tzw9d0799ouslsw25.jpg,val,481,530,1,20,11724.50,99,157,15543.00
cju16fpvhzypl0799p9phnlx6.jpg,val,626,546,1,35,35759.50,243,230,55890.00
cju16jgnyzp970878melv7r25.jpg,val,560,529,1,31,34169.50,244,226,55144.00
cju16whaj0e7n0855q7b6cjkm.jpg,val,626,547,1,41,88276.00,475,364,172900.00
cju32qr9tbvsj08013pkpjenq.jpg,val,615,546,1,18,22148.00,170,195,33150.00
cju32srle1xfq083575i3fl75.jpg,val,626,547,1,21,21398.50,185,167,30895.00
cju32upim1z7u0988l883nqp6.jpg,val,570,479,1,22,36345.00,232,226,52432.00
cju32zhbnc1oy0801iyv1ix6p.jpg,val,622,531,1,18,82827.50,316,436,137776.00
cju330ofbc2l30801th5g3hw6.jpg,val,495,529,1,21,10247.00,120,127,15240.00
cju33231uy4gi0993qc7b1jch.jpg,val,622,529,1,21,18654.00,191,219,41829.00
cju334jzo261t0835yqudnfs1.jpg,val,623,528,1,25,65412.50,287,309,88683.00
cju336l68y7if0993wf092166.jpg,val,583,530,1,20,69334.00,370,296,109520.00
cju3381d8bz3h07991xtl7ra0.jpg,val,567,528,1,18,14793.00,136,160,21760.00
cju33belnbyhm0878yxl42233.jpg,val,613,528,2,22,7617.50,100,105,10500.00
cju33belnbyhm0878yxl42233.jpg,val,613,528,2,18,13702.00,139,143,19877.00
cju33eqwbcch208012jikwdky.jpg,val,626,547,1,27,47285.00,322,252,81144.00
cju33jon3ygbj0993pu22a4k6.jpg,val,626,547,1,19,13904.50,180,127,22860.00
cju33mirdc8mj0799k33wzoes.jpg,val,626,547,1,22,57778.50,300,285,85500.00
cju33o12x2jm50988944mxq0v.jpg,val,622,530,1,24,10888.50,114,125,14250.00
cju33qpdvc9g0087825jhf3s9.jpg,val,622,531,1,20,11051.50,135,146,19710.00
cju33w4sdcivk0855x879zht7.jpg,val,617,547,1,20,25231.00,163,249,40587.00
cju33x0f22peh0988g0ln7w5v.jpg,val,597,528,1,28,8281.00,108,104,11232.00
cju7dp3dw2k4n0755zhe003ad.jpg,val,626,546,1,22,22018.50,182,189,34398.00
cju7dqcwi2dz00850gcmr2ert.jpg,val,622,528,1,18,17687.50,153,156,23868.00
cju7druhp2gp308715i6km7be.jpg,val,626,546,1,36,109365.00,575,351,201825.00
cju7dsrtb2f8i085064kwugfk.jpg,val,584,530,1,21,25566.50,186,224,41664.00
cju7dtb1e2j0t0818deq51ib3.jpg,val,622,528,1,20,52632.00,219,346,75774.00
cju7dubap2g0w0801fgl42mg9.jpg,val,623,528,1,26,82756.50,336,329,110544.00
cju7dvl5m2n4t0755hlnnjjet.jpg,val,537,530,1,37,7740.00,101,108,10908.00
cju7dwe282dc309876rco45ts.jpg,val,622,530,1,32,104364.50,422,393,165846.00
cju7dxffn2eam0817qxosfwch.jpg,val,626,546,1,28,59072.00,214,422,90308.00
cju7dymur2od30755eg8yv2ht.jpg,val,622,530,1,28,46015.00,244,280,68320.00
cju7dz5yy2i7z0801ausi7rna.jpg,val,619,529,1,28,9266.00,107,118,12626.00
cju7ea4om2l910801bohqjccy.jpg,val,626,546,1,20,18980.50,144,208,29952.00
cju7ebe962hr409872ovibahw.jpg,val,622,530,1,35,143211.50,614,302,185428.00
cju7ecl9i2i060987xawjp4l0.jpg,val,622,529,1,22,77035.00,427,298,127246.00
cju7eea9b2m0z0801ynqv1fqu.jpg,val,1224,1012,2,14,63312.00,284,313,88892.00
cju7eea9b2m0z0801ynqv1fqu.jpg,val,1224,1012,2,17,76319.00,304,357,108528.00
cju85nr8elly209872w9n5m0s.jpg,val,615,529,1,15,19617.50,160,168,26880.00
cju85omszllp30850b6rm9mi3.jpg,val,622,531,1,22,40104.00,213,227,48351.00
cju85plp7lmkw0850rx42jdpf.jpg,val,596,530,1,15,96384.00,302,473,142846.00
cju85qefyln6v0850szeb9byi.jpg,val,570,529,1,18,115241.50,393,399,156807.00
cju85rkbnlo1c08503uxcpax1.jpg,val,622,531,1,25,56115.50,269,288,77472.00
cju87kbcen2av0987usezo8kn.jpg,val,591,530,2,32,16720.00,159,173,27507.00
cju87kbcen2av0987usezo8kn.jpg,val,591,530,2,65,2050.00,48,72,3456.00
cju87li0zn3yb0817kbwgjiz8.jpg,val,562,449,1,24,159273.00,467,446,208282.00
cju87mrypnb1e0818scv1mxxg.jpg,val,615,530,1,36,13092.50,125,160,20000.00
cju87nkyrnb970801q84m47yt.jpg,val,620,530,1,18,29827.00,177,255,45135.00
cju87ox0kncom0801b98hqnd2.jpg,val,626,546,1,19,22015.50,165,190,31350.00
cju87q6yoneim0871dl4phvkd.jpg,val,626,546,1,30,87776.00,393,406,159558.00
cju87r56lnkyp0755hz30leew.jpg,val,566,429,1,23,74349.50,303,331,100293.00
cju87tyddnnad0755bj0wxahe.jpg,val,551,477,1,31,118048.00,452,354,160008.00
cju87vqa0ndwg0850onjdz7ol.jpg,val,556,530,1,30,197706.50,556,530,294680.00
cju87xn2snfmv0987sc3d9xnq.jpg,val,604,530,1,19,52256.00,307,345,105915.00
cju87z6o6nh73085045bzsx6o.jpg,val,622,530,1,21,38306.00,235,224,52640.00
cju87zv8lni0o0850hbbecbq6.jpg,val,622,528,1,51,4534.00,90,73,6570.00
cju8828oxnool0801qno9luhr.jpg,val,622,528,1,33,62204.00,275,319,87725.00
cju884985nlmx0817vzpax3y4.jpg,val,581,529,2,53,3107.00,63,69,4347.00
cju884985nlmx0817vzpax3y4.jpg,val,581,529,2,60,2367.00,62,61,3782.00
cju8ceacrsqkr0755hdz145es.jpg,val,566,492,1,24,10727.00,144,107,15408.00
cju8cgi2kspp308011nxdtjp6.jpg,val,619,530,1,28,9491.50,113,114,12882.00
cju8chdlqsu620755azjty1tj.jpg,val,622,530,1,22,34435.00,184,234,43056.00
cju8chxndsre008015uisl4si.jpg,val,605,444,1,27,9530.50,124,110,13640.00
cju8cj10qsrau0871o2dr6ai1.jpg,val,622,530,1,19,23134.00,180,179,32220.00
cju8clorgsuwn08714toqb7v6.jpg,val,570,531,1,21,37343.50,212,257,54484.00
cju8cwy02t9eq08185qn12c02.jpg,val,626,547,1,25,44028.00,243,221,53703.00
cju8czvnztbf40871b4m7t78w.jpg,val,626,546,1,20,45255.00,283,264,74712.00
cju8d2q30tfhs0801n7lx77xl.jpg,val,614,546,1,24,56473.00,276,287,79212.00
cju8d4jgatgpj0871q2ophhkm.jpg,val,622,531,1,21,47748.50,231,278,64218.00
cju8dic9mtppa0987swn23wbc.jpg,val,611,531,1,19,79062.50,434,285,123690.00
cju8djdqztu6408506pzhlo18.jpg,val,611,530,1,24,28677.00,164,233,38212.00
cju8dk7eztzup08182yxko5zh.jpg,val,623,528,1,18,17800.50,176,140,24640.00
cju8dm2cau2km0818jsv9eeq2.jpg,val,626,547,1,16,39778.50,339,230,77970.00
cju8dn0c3u2v50801k8rvq02f.jpg,val,1348,1070,1,23,451625.50,790,794,627260.00
cju8doa16u5gh0818w1ywda3q.jpg,val,622,529,1,24,235876.50,622,479,297938.00
cju8dpa89u6l80818dj6lldh9.jpg,val,623,529,1,26,38924.50,279,254,70866.00
cju8dqkrqu83i0818ev74qpxq.jpg,val,1348,1070,1,33,858119.00,1346,995,1339270.00
cjyzjzssvd8pq0838f4nolj5l.jpg,val,720,576,1,31,13932.00,91,254,23114.00
cjyzk8qieoboa0848ogj51wwm.jpg,val,720,576,1,37,195620.50,568,509,289112.00
cjyzkmjy8evns070165gf9dmq.jpg,val,720,576,1,35,39984.50,210,252,52920.00
cjyzkpsbjdsjq07211dfi4sru.jpg,val,720,576,1,32,9996.50,177,84,14868.00
cjyzl833ndne80838pzuq6ila.jpg,val,720,576,1,32,55717.50,226,326,73676.00
cjyzlw7f9faqr070129au64sq.jpg,val,720,576,1,28,38678.00,216,244,52704.00
cjyztzaqtrv430848l8xgcerw.jpg,val,720,576,1,31,80762.00,398,324,128952.00
cjyzu3reghjya0794w7pwoi50.jpg,val,720,576,1,45,49642.00,269,289,77741.00
cjyzu9th0qt4r0a46pyl4zik0.jpg,val,720,576,1,28,27079.00,205,224,45920.00
cjyzufihqquiw0a46jatrbwln.jpg,val,720,576,1,31,163781.50,430,515,221450.00
cjyzuio1qgh040763k56deohv.jpg,val,720,576,1,41,5065.00,79,93,7347.00
cjyzul1qggwwj07216mhiv5sy.jpg,val,1920,1072,1,33,93443.00,339,349,118311.00
cjyzurzvohqnr0794es1itzek.jpg,val,720,576,1,25,60695.00,226,341,77066.00
cjz14qsk2wci60794un9ozwmw.jpg,val,720,576,1,24,44984.00,224,288,64512.00
ck2395w2mb4vu07480otsu6tw.jpg,val,720,576,1,20,51140.50,243,279,67797.00
ck2bxiswtxuw80838qkisqjwz.jpg,val,621,520,1,30,142101.50,557,486,270702.00
ck2bxknhjvs1x0794iogrq49k.jpg,val,603,528,2,77,1615.00,42,55,2310.00
ck2bxknhjvs1x0794iogrq49k.jpg,val,603,528,2,22,36139.50,187,251,46937.00
ck2bxlujamu330725szlc2jdu.jpg,val,720,576,1,24,15526.50,144,158,22752.00
ck2bxpfgxu2mk0748gsh7xelu.jpg,val,621,531,1,39,21652.00,225,235,52875.00
ck2bxqz3evvg20794iiyv5v2m.jpg,val,720,576,1,27,35836.50,224,230,51520.00
ck2bxskgxxzfv08386xkqtqdy.jpg,val,585,530,2,43,3859.00,70,94,6580.00
ck2bxskgxxzfv08386xkqtqdy.jpg,val,585,530,2,26,17791.50,126,198,24948.00
ck2bxw18mmz1k0725litqq2mc.jpg,val,600,528,1,40,96235.00,407,336,136752.00
ck2da7fwcjfis07218r1rvm95.jpg,val,720,576,1,29,15295.50,169,132,22308.00
