model_name,iteration,latency_ms
YOLOv26s Baseline,1,196.648
YOLOv26s Baseline,2,193.742
YOLOv26s Baseline,3,189.38
YOLOv26s Baseline,4,191.322
YOLOv26s Baseline,5,193.642
YOLOv26s Baseline,6,195.148
YOLOv26s Baseline,7,192.056
YOLOv26s Baseline,8,198.185
YOLOv26s Baseline,9,195.285
YOLOv26s Baseline,10,189.927
YOLOv26s Baseline,11,186.907
YOLOv26s Baseline,12,186.036
YOLOv26s Baseline,13,186.053
YOLOv26s Baseline,14,193.232
YOLOv26s Baseline,15,203.799
YOLOv26s Baseline,16,194.828
YOLOv26s Baseline,17,192.425
YOLOv26s Baseline,18,199.336
YOLOv26s Baseline,19,199.404
YOLOv26s Baseline,20,192.603
YOLOv26s Baseline,21,190.731
YOLOv26s Baseline,22,184.236
YOLOv26s Baseline,23,203.167
YOLOv26s Baseline,24,196.559
YOLOv26s Baseline,25,207.457
YOLOv26s Baseline,26,193.841
YOLOv26s Baseline,27,190.624
YOLOv26s Baseline,28,188.795
YOLOv26s Baseline,29,188.457
YOLOv26s Baseline,30,186.986
YOLOv26s Baseline,31,192.312
YOLOv26s Baseline,32,192.595
YOLOv26s Baseline,33,200.827
YOLOv26s Baseline,34,211.768
YOLOv26s Baseline,35,195.405
YOLOv26s Baseline,36,196.491
YOLOv26s Baseline,37,193.735
YOLOv26s Baseline,38,194.258
YOLOv26s Baseline,39,189.439
YOLOv26s Baseline,40,183.694
YOLOv26s Baseline,41,193.026
YOLOv26s Baseline,42,190.444
YOLOv26s Baseline,43,197.727
YOLOv26s Baseline,44,198.974
YOLOv26s Baseline,45,201.409
YOLOv26s Baseline,46,182.133
YOLOv26s Baseline,47,190.419
YOLOv26s Baseline,48,192.874
YOLOv26s Baseline,49,187.021
YOLOv26s Baseline,50,205.978
YOLOv26s Baseline,51,202.473
YOLOv26s Baseline,52,202.216
YOLOv26s Baseline,53,192.623
YOLOv26s Baseline,54,194.713
YOLOv26s Baseline,55,190.405
YOLOv26s Baseline,56,184.802
YOLOv26s Baseline,57,182.544
YOLOv26s Baseline,58,199.035
YOLOv26s Baseline,59,195.395
YOLOv26s Baseline,60,195.743
YOLOv26s Baseline,61,217.915
YOLOv26s Baseline,62,340.826
YOLOv26s Baseline,63,222.006
YOLOv26s Baseline,64,220.942
YOLOv26s Baseline,65,216.166
YOLOv26s Baseline,66,214.912
YOLOv26s Baseline,67,207.612
YOLOv26s Baseline,68,202.399
YOLOv26s Baseline,69,199.924
YOLOv26s Baseline,70,200.322
YOLOv26s Baseline,71,197.449
YOLOv26s Baseline,72,202.141
YOLOv26s Baseline,73,201.931
YOLOv26s Baseline,74,197.152
YOLOv26s Baseline,75,218.137
YOLOv26s Baseline,76,209.898
YOLOv26s Baseline,77,215.401
YOLOv26s Baseline,78,198.495
YOLOv26s Baseline,79,192.57
YOLOv26s Baseline,80,196.792
YOLOv26s Baseline,81,214.508
YOLOv26s Baseline,82,250.774
YOLOv26s Baseline,83,216.376
YOLOv26s Baseline,84,187.052
YOLOv26s Baseline,85,193.394
YOLOv26s Baseline,86,198.983
YOLOv26s Baseline,87,216.154
YOLOv26s Baseline,88,195.624
YOLOv26s Baseline,89,193.688
YOLOv26s Baseline,90,211.638
YOLOv26s Baseline,91,193.006
YOLOv26s Baseline,92,201.02
YOLOv26s Baseline,93,186.4
YOLOv26s Baseline,94,195.162
YOLOv26s Baseline,95,201.45
YOLOv26s Baseline,96,210.26
YOLOv26s Baseline,97,205.866
YOLOv26s Baseline,98,240.392
YOLOv26s Baseline,99,200.027
YOLOv26s Baseline,100,196.101
TSVM,1,815.781
TSVM,2,792.467
TSVM,3,734.657
TSVM,4,859.797
TSVM,5,782.75
TSVM,6,877.485
TSVM,7,797.945
TSVM,8,631.526
TSVM,9,869.197
TSVM,10,834.908
TSVM,11,766.751
TSVM,12,807.856
TSVM,13,865.302
TSVM,14,820.094
TSVM,15,829.403
TSVM,16,885.669
TSVM,17,796.458
TSVM,18,864.323
TSVM,19,908.866
TSVM,20,819.483
TSVM,21,859.789
TSVM,22,919.575
TSVM,23,875.189
TSVM,24,885.518
TSVM,25,826.878
TSVM,26,877.643
TSVM,27,835.785
TSVM,28,787.645
TSVM,29,800.923
TSVM,30,860.655
TSVM,31,844.451
TSVM,32,863.403
TSVM,33,857.713
TSVM,34,814.713
TSVM,35,660.484
TSVM,36,888.834
TSVM,37,779.594
TSVM,38,798.067
TSVM,39,792.373
TSVM,40,884.215
TSVM,41,802.704
TSVM,42,816.639
TSVM,43,744.971
TSVM,44,728.045
TSVM,45,867.447
TSVM,46,806.028
TSVM,47,834.034
TSVM,48,844.063
TSVM,49,878.228
TSVM,50,785.639
TSVM,51,876.346
TSVM,52,860.999
TSVM,53,807.927
TSVM,54,809.78
TSVM,55,869.654
TSVM,56,847.392
TSVM,57,802.392
TSVM,58,844.74
TSVM,59,825.609
TSVM,60,876.265
TSVM,61,862.393
TSVM,62,786.933
TSVM,63,840.661
TSVM,64,760.971
TSVM,65,793.143
TSVM,66,847.146
TSVM,67,755.248
TSVM,68,719.585
TSVM,69,800.512
TSVM,70,738.425
TSVM,71,744.576
TSVM,72,688.359
TSVM,73,711.617
TSVM,74,769.742
TSVM,75,877.939
TSVM,76,789.192
TSVM,77,766.912
TSVM,78,823.832
TSVM,79,903.359
TSVM,80,894.388
TSVM,81,761.634
TSVM,82,866.63
TSVM,83,762.516
TSVM,84,907.514
TSVM,85,772.077
TSVM,86,832.049
TSVM,87,842.898
TSVM,88,821.337
TSVM,89,847.858
TSVM,90,789.226
TSVM,91,760.312
TSVM,92,809.865
TSVM,93,872.096
TSVM,94,899.074
TSVM,95,883.679
TSVM,96,890.959
TSVM,97,768.522
TSVM,98,834.919
TSVM,99,899.638
TSVM,100,826.564
